DATE,Æò±Õ ±â¿Â,Æò±Õ »ó´ë ½Àµµ,ÃÑ °­¼ö·®,Æò±Õ °¡½Ã°Å¸®,Æò±Õ Ç³¼Ó
20140516,23.1,30,0,,10.2
20140517,21.9,36,,,10.7
20140518,24.6,45,,6.8,11.5
20140519,22.7,63,0,6.4,8
20140520,24.4,39,0,11.4,11.1
20140521,24.9,54,0,5.5,8.5
20140522,27.6,40,0,4.2,13
20140523,28.1,41,3.05,6.6,13
20140524,19.6,92,5.08,3.4,7.4
20140525,21.6,34,0.51,5.1,19.8
20140526,28.8,20,0,,15.6
20140527,25.6,27,0,7.6,20.9
20140528,29,28,0,,12.8
20140529,30.6,29,0,10.3,8.5
20140530,28.1,41,0,7.6,10.4
20140531,26.9,52,7.62,7.2,12.2
20140601,23.3,61,1.52,9.5,10.9
20140602,22.3,55,0,,8.9
20140603,25.9,46,0,10,8.3
20140604,26.3,48,0,7.7,8.9
20140605,28.4,46,0,6.9,8.3
20140606,19.4,77,7.11,8,12.8
20140607,22.9,48,0,,10.2
20140608,20.7,64,0.25,10.9,9.6
20140609,23.1,52,,8.5,8.1
20140610,21.3,74,12.19,5.1,6.7
20140611,25.1,49,11.94,,9.1
20140612,28.6,44,0,10.3,7.4
20140613,24.1,65,11.43,8.7,9.3
20140614,26.8,58,0,6.6,6.3
20140615,25.8,65,3.81,5.8,9.3
20140616,25,71,33.02,5,9.8
20140617,20.9,85,2.03,5.8,7.4
20140618,25.4,63,1.78,4.8,9.1
20140619,23.3,74,7.62,4.8,10.2
20140620,22.9,72,0,7.7,7.4
20140621,22.2,71,3.81,7.9,8.9
20140622,22.7,68,1.02,8.4,8.3
20140623,25.8,52,0,,6.5
20140624,27.3,53,0,7.7,9.1
20140625,24.6,74,1.52,3.9,9.8
20140626,26.8,63,0,6.3,7.4
20140627,28.3,36,0,,12.2
20140628,29.7,38,0,12.1,8.3
20140629,29,48,0,,7.8
20140630,29.8,44,0,7.6,9.8
20140701,26.2,68,47.75,5,9.8
20140702,23.7,84,0.76,4.2,5.9
20140703,26.2,80,0,2.3,7
20140704,27.4,74,0,2.9,8.3
20140705,27.5,73,0,3.5,9.3
20140706,27.1,75,0,3.2,8.3
20140707,27.9,71,0.51,4.8,9.1
20140708,27.5,57,0,5.6,8.7
20140709,26.9,50,0,,7.2
20140710,30.3,38,0,,11.5
20140711,29.7,38,0,,10
20140712,30.6,31,0,18.8,11.7
20140713,32.7,29,,14,10
20140714,29.9,42,0,10,11.7
20140715,27.8,58,1.02,7.6,11.1
20140716,25.4,17,12.45,4.5,7.4
20140717,26.5,17,3.05,3.2,6.7
20140718,29.9,67,0,5.6,6.9
20140719,31.9,61,,6.9,11.5
20140720,32.2,59,0,7.7,14.6
20140721,30.2,45,,,11.7
20140722,27.4,51,0,13.2,9.4
20140723,27.4,55,0,10.3,7.6
20140724,25,72,0,6.3,5.9
20140725,28.1,51,0,6.4,9.8
20140726,29.7,48,0,4.2,10.9
20140727,29.6,52,0,5.8,10.6
20140728,30.2,54,0,5.1,12.4
20140729,28.4,63,22.61,4.3,14.3
20140730,25.5,82,19.05,2.9,6.7
20140731,27.2,74,0.51,2.9,8
20140801,28.1,74,0,4.3,6.9
20140802,29.4,72,0,4,5.7
20140803,29.3,72,0.51,5.8,6.5
20140804,21.9,80,15.24,9.3,12.2
20140805,26.1,65,0,,7.4
20140806,25.8,58,0,13.7,8.3
20140807,25.7,60,0,,8.9
20140808,26.4,56,0,5.1,9.1
20140809,25.3,62,3.81,6.3,11.1
20140810,26.8,59,4.06,,8.3
20140811,27.4,41,0,,9.3
20140812,26.8,48,6.86,11.6,8.9
20140813,19.3,89,12.19,8,7.2
20140814,24.1,65,6.86,6.6,8
20140815,24.8,63,0,7.9,7.4
20140816,27.2,58,0,6.9,8
20140817,25.4,62,0,,8.3
20140818,25.5,62,0,6.9,8.3
20140819,26.9,60,0,5.8,9.1
20140820,27.7,59,,5.1,9.1
20140821,26.4,65,0,5,9.6
20140822,25.2,73,3.05,5.8,5.2
20140823,26.7,68,0.76,6.8,8.9
20140824,25.6,53,0,,9.4
20140825,25.4,42,0,,8.9
20140826,27.2,34,0,,6.7
20140827,27.6,45,0,9,7.4
20140828,23.1,71,5.84,6.3,8.3
20140829,23.6,77,1.02,4.5,5.2
20140830,22.6,88,1.02,3.2,5.2
20140831,22.5,87,2.79,5,6.7
20140901,21.7,90,85.09,4.2,8.5
20140902,19.4,89,20.83,8,9.1
20140903,23.1,56,15.49,,9.1
20140904,25.3,56,0,,8
20140905,24.6,73,0,5.8,8
20140906,24.9,72,,5,7.2
20140907,23.7,66,,4.7,9.8
20140908,21.8,45,0,,7.2
20140909,22.9,57,0,8.2,6.9
20140910,23.3,60,0,6.8,7.4
20140911,22.1,78,0.51,5.3,6.5
20140912,21.1,79,0.51,6.9,5.2
20140913,22.2,63,0,6,8
20140914,18.2,56,0,,8.5
20140915,20.8,35,0,,10.4
20140916,18.3,62,0,9.5,6.7
20140917,17.2,70,0,6,7.2
20140918,20.1,53,0,6.9,6.9
20140919,19.9,75,1.52,5,7.4
20140920,21.7,69,1.02,5.3,6.7
20140921,21.5,70,0,6,7.8
20140922,19.7,88,1.78,3.4,8
20140923,17.5,93,15.49,5.3,6.7
20140924,19.4,76,0,5.3,5.7
20140925,19.1,85,0,3.7,6.9
20140926,17.8,87,,3.9,9.3
20140927,19.1,59,0,,5.6
20140928,17.9,82,0,5.3,5.7
20140929,16.9,45,0,,13.1
20140930,12.3,54,0,,6.7
20141001,11.4,89,10.16,3.7,8.3
20141002,15.7,79,3.05,7.2,6.5
20141003,15.4,87,1.52,3.9,6.9
20141004,13.6,94,0,4.3,5.9
20141005,14.1,55,0,,11.9
20141006,14,53,0,,6.5
20141007,14.4,74,0,3.9,4.6
20141008,15,84,0.25,1.8,4.1
20141009,16.2,86,0,1.3,3.9
20141010,17.4,84,0,1.3,6.7
20141011,16.8,63,0,3.7,14.6
20141012,12.7,35,0,,11.5
20141013,9.8,42,0,,7.4
20141014,12.9,48,0,8.5,8.9
20141015,13.6,31,0,,17.6
20141016,13,40,0,,10.2
20141017,14.3,56,0,6.1,6.7
20141018,16.7,65,0,3.9,4.3
20141019,16.2,77,0,3.2,7
20141020,14.8,72,0,2.3,6.9
20141021,10.1,50,0,,6.5
20141022,11.5,71,0,6.1,4.6
20141023,11.7,77,0,4.2,5
20141024,12.7,86,0,1.8,5.6
20141025,14.3,81,0,1.1,8.3
20141026,12.4,18,0,,15.4
20141027,9,41,0,,7
20141028,10.1,64,0,6.3,5.9
20141029,12,67,,5.8,4.3
20141030,12.3,74,,3.9,3.9
20141031,12,81,0,3.1,5.2
20141101,12.5,27,0,,23.2
20141102,8.8,29,0,,15.7
20141103,10.1,39,0,,7.2
20141104,7.6,62,0,6.4,6.1
20141105,12.6,26,0,8.7,14.8
20141106,5.6,37,0,,9.8
20141107,4.4,55,0,8,5.6
20141108,4.8,62,0,6.6,6.7
20141109,6.6,47,0,7.9,6.7
20141110,7.9,48,0,6,5.7
20141111,9.3,23,0,,25.9
20141112,3.7,21,0,,20.9
20141113,5.6,28,0,,12
20141114,5.8,32,0,7.9,6.3
20141115,4.3,51,0,3.9,5.2
20141116,7.4,38,0,2.9,18.5
20141117,4.8,38,0,6.6,8.3
20141118,4.7,46,0,5,5.7
20141119,3.1,74,0,2.7,4.8
20141120,2.7,78,0,1.8,6.9
20141121,6.3,33,0,3.5,9.6
20141122,5.4,44,0,6.9,7.2
20141123,3,78,0,4,6.5
20141124,4.4,42,0,7.7,6.7
20141125,3,76,0,4.2,5.7
20141126,4.3,64,0,1.9,8
20141127,4.8,26,0,10.9,11.1
20141128,4,57,0,4.8,6.9
20141129,3.4,88,0,1.4,5.9
20141130,1.1,18,0,7.6,35.4
20141201,-4.4,24,0,,23.2
20141202,-4.7,31,0,8.7,9.1
20141203,-2.1,19,0,,19.4
20141204,-2.6,20,0,,20.9
20141205,-3.4,30,0,7.2,9.6
20141206,0.4,31,0,,5.7
20141207,-0.1,34,0,,15.4
20141208,-2.3,46,0,5.5,5.4
20141209,-2,69,,2.4,5
20141210,0.1,31,0,2.6,24.3
20141211,0.2,25,0,,17.4
20141212,-2.8,30,0,7.9,13
20141213,-2.5,36,0,7.6,7.4
20141214,0.2,34,0,5.3,7.2
20141215,-1.6,25,0,,29.8
20141216,-3.4,28,0,,19.1
20141217,-3.4,40,0,7.7,6.5
20141218,-2.5,63,0,5,7.4
20141219,0.2,25,0,,30.2
20141220,-1.9,25,0,,22.4
20141221,-2.2,32,0,6.9,15
20141222,-0.6,40,0,5.5,5.9
20141223,1.1,32,0,6.6,10
20141224,1.6,30,0,,18.1
20141225,-0.2,40,0,8.5,7.4
20141226,-3.4,62,0,5,5.9
20141227,-1.3,55,0,3.4,6.1
20141228,-1.4,38,0,6.4,10.4
20141229,2.2,32,0,,11.5
20141230,2.1,26,0,,21.9
20141231,,,,,
20150101,-3.2,25,0,6.4,9.1
20150102,-1.5,30,0,6,8
20150103,-3.1,45,0,5,5.4
20150104,2.2,37,0,4.3,5.6
20150105,1.7,22,0,4.2,20
20150106,-1.1,23,0,9.5,10.7
20150107,-2.6,39,0,6.1,4.3
20150108,-2.5,50,0,6.3,7.8
20150109,-0.9,32,0,8,9.8
20150110,4.8,22,0,6.1,15
20150111,0.6,36,0,7.6,6.5
20150112,-2.3,55,0,5.5,6.3
20150113,-2.6,69,0,4,5.6
20150114,-3.1,65,0,3.7,5.7
20150115,-3.5,81,0,1.3,4.3
20150116,-1.4,28,0,,25.4
20150117,-1.9,38,0,7.2,5.4
20150118,0.4,32,0,4.3,18.5
20150119,-0.9,40,0,8,6.9
20150120,-0.8,50,0,6.9,8.3
20150121,-0.4,31,0,,10.4
20150122,-2.6,53,0,3.7,5
20150123,0.3,43,0,4,6.7
20150124,0.7,63,0.51,4.7,5.2
20150125,-0.7,78,0.51,3.7,5.4
20150126,-2.2,31,0,4.8,19.3
20150127,-4.3,30,0,,10
20150128,-1.8,34,,8.5,9.1
20150129,-1.3,29,0,6,20.9
20150130,-3.1,24,0,,11.1
20150131,-3.1,25,0,10.8,7.8
20150201,-3,32,0,6.1,5.9
20150202,-0.8,47,,5,5.9
20150203,2.3,33,0,2.6,22.6
20150204,1.3,27,0,,20.2
20150205,2.4,30,0,10.9,13.1
20150206,3.6,29,0,6.8,10.4
20150207,-2.1,20,0,,19.3
20150208,-4.3,23,0,7.7,6.9
20150209,-1.6,28,0,5.6,8.3
20150210,3.4,25,0,6.9,7.2
20150211,2.8,27,0,,9.1
20150212,0.6,40,0,8,6.1
20150213,0.7,46,0,5.6,5.9
20150214,2.8,45,0,2.9,4.3
20150215,2.7,46,0,3.9,7
20150216,6.1,28,0,2.9,19.1
20150217,4.5,30,0,,10.2
20150218,4.2,30,0,8.7,9.8
20150219,1.8,64,2.79,4.2,8.5
20150220,0.2,98,6.35,1.3,5.2
20150221,-0.2,39,5.08,3.5,25.6
20150222,-0.8,28,0,,22
20150223,0.3,39,0,7.7,8.3
20150224,2.1,66,0,4.7,7.6
20150225,1.4,20,0,,17.4
20150226,1.4,20,0,,14.8
20150227,-0.3,49,0.25,9.3,10.2
20150228,-1.3,86,1.52,2.7,6.7
20150301,5.1,28,1.02,,12.8
20150302,7.7,18,0,6.8,23.3
20150303,0.4,13,0,,26.3
20150304,0.7,18,0,7.6,7.8
20150305,2.2,29,0,7.2,9.4
20150306,2.7,46,0,5.8,6.3
20150307,5.8,54,0,4.2,7.2
20150308,5.6,19,0,3.7,21.7
20150309,-0.8,13,0,,13.9
20150310,1.9,20,0,7.7,9.8
20150311,4.5,19,0,,11.3
20150312,5.3,30,0,7.6,6.9
20150313,6.1,24,0,,9.1
20150314,4.4,47,0,6.9,6.7
20150315,11.2,22,0,7.1,10.4
20150316,8.6,72,0,2.4,7
20150317,10.7,36,0,5,10.6
20150318,7.7,33,0,,8.5
20150319,12.4,22,0,,9.6
20150320,15.3,11,0,,18
20150321,14.6,8,0,,20.9
20150322,7.6,21,0,,11.5
20150323,11.4,17,0,,12.6
20150324,9.4,33,0,8,8
20150325,12,41,0,6.9,9.1
20150326,14.8,34,0,5.6,11.9
20150327,15.3,41,0,7.4,10.6
20150328,16,33,0,6.1,15.7
20150329,17.1,40,0,5.3,11.9
20150330,17.9,53,0.76,5,10.4
20150331,9.2,83,7.11,5,7.8
20150401,9.7,49,16.51,8,9.1
20150402,9.6,68,0.76,8.2,11.1
20150403,12.2,49,0.51,,13
20150404,13.1,53,0,6.3,8.7
20150405,11.2,23,0,,26.1
20150406,8.7,21,0,,13
20150407,8.9,25,0,,12.8
20150408,9,53,0,6.3,10.6
20150409,12.1,57,0,3.5,9.6
20150410,15.3,51,,4.7,9.3
20150411,12.9,60,16.26,6.6,16.3
20150412,7.1,47,0.25,13,27.2
20150413,11.9,47,0.25,,11.1
20150414,17.3,35,0,6.9,9.1
20150415,18.1,26,0,5.3,26.7
20150416,15.9,19,0,,20.9
20150417,18.5,35,0,7.6,8.9
20150418,17.9,57,,5.6,6.7
20150419,15.1,35,0,8,12.2
20150420,17.1,34,0,6.1,13.7
20150421,17.9,32,0,6.4,11.1
20150422,19.8,32,0,,13.7
20150423,18.5,30,0,,10.2
20150424,19.1,32,0,,12
20150425,24.6,31,0,,13.7
20150426,24.9,44,0,5.6,13.3
20150427,20.8,63,1.02,6.8,10
20150428,20,61,0,6.1,8
20150429,21.8,62,0,4.8,8.7
20150430,23.3,55,0,4.5,11.5
20150501,16.9,77,9.14,6.9,13.1
20150502,19.6,60,0,6.3,10.6
20150503,18.8,15,0,,24.1
20150504,19,26,0,,16.1
20150505,20.4,20,0,,11.3
20150506,17.1,22,0,,10.9
20150507,19.3,31,,,11.5
20150508,18.3,48,0,,12.2
20150509,12.7,63,,10.5,5.9
20150510,9.7,87,24.89,5.1,9.4
20150511,15.4,47,0,,17
20150512,18.1,51,0,,9.6
20150513,23.5,35,0,6.9,17.2
20150514,22.1,29,0,,10.9
20150515,19.8,38,,,10
20150516,23.9,35,0,5.3,13.7
20150517,22.4,71,0.25,4.3,10
20150518,22.8,15,0,,21.3
20150519,21.4,24,0,,23.3
20150520,23.7,28,0,,13.9
20150521,22.6,37,0,,14.1
20150522,23.2,43,0,6,7.8
20150523,25.2,47,0,5.8,9.1
20150524,26.8,42,0,4.3,10.4
20150525,27.9,41,0,6,12.8
20150526,27.9,42,0,6.6,15.4
20150527,26.3,50,0,6.4,12
20150528,25.8,54,0.76,6.6,11.1
20150529,23.7,61,0.76,6.4,10
20150530,24.6,48,0,6.9,11.1
20150531,28.9,43,0,7.7,13.1
20150601,27.3,55,0,6.6,8.3
20150602,26.4,23,0,,11.9
20150603,27.5,24,,,10.4
20150604,18.7,83,4.57,6,7.6
20150605,24.6,52,0,8.7,10.9
20150606,22.6,54,0.76,14.3,11.5
20150607,22.8,38,0,,10.2
20150608,25.3,38,0.25,12.2,10.7
20150609,24.5,55,4.06,9.8,11.5
20150610,20.4,83,8.64,5.5,7.4
20150611,24.3,41,5.08,,18.7
20150612,24.7,44,,13,24.4
20150613,22.6,67,0.51,11.9,10
20150614,26.4,51,0,9.2,7.8
20150615,26.8,53,0,6.1,9.3
20150616,26.2,57,,7.2,9.6
20150617,25.6,60,12.19,10.6,7.8
20150618,27.5,28,0.51,12.1,14.6
20150619,19.6,78,2.03,10.3,7.6
20150620,26.2,50,1.52,,7.4
20150621,26.7,48,0,5.8,8.9
20150622,26.7,56,0.25,4.7,9.6
20150623,27.6,58,0.25,3.7,10.6
20150624,24.2,72,,4.7,7.6
20150625,24.4,74,5.59,4.8,6.7
20150626,24.2,80,1.52,4.8,7.4
20150627,25.9,74,0,4.7,5.2
20150628,27.1,73,0,3.5,9.1
20150629,21.1,84,0,6.9,10
20150630,21.3,67,1.27,,11.5
20150701,24.6,50,1.02,,10.9
20150702,26.3,38,0,,10
20150703,25.6,42,,,9.3
20150704,21.9,62,1.27,10.9,6.3
20150705,24.9,56,0,5.6,8.9
20150706,26.4,53,0,6.9,8.3
20150707,27.2,54,0,5,9.8
20150708,27.8,57,0,5.1,9.1
20150709,28.1,49,0,6.4,9.6
20150710,28.1,57,0,6,9.1
20150711,29.2,58,0,5.3,7.4
20150712,29.9,55,,6.8,7.4
20150713,32.8,37,0.25,9.8,11.5
20150714,30.4,41,0,,11.9
20150715,26.9,59,8.13,9.8,13
20150716,23.7,76,0.25,9.8,12.8
20150717,23.7,80,22.86,8.9,8.9
20150718,23.6,85,36.58,7.9,7
20150719,23.6,90,1.27,5,6.9
20150720,25.6,82,1.02,5,7.6
20150721,25.2,85,0,4.3,6.9
20150722,26.3,80,3.81,6.8,7.2
20150723,26,80,4.06,6.4,5.2
20150724,26.4,73,0,6.8,6.5
20150725,28.9,68,0,6.9,7.6
20150726,29.6,67,,6.6,5.2
20150727,27.4,78,28.7,6.4,9.6
20150728,27.1,79,0,6,5.7
20150729,28.2,79,1.27,5.8,8.3
20150730,23.8,88,1.78,8.2,8.1
20150731,26.6,76,0.25,5,6.3
20150801,24.7,91,32.77,4.2,6.1
20150802,26.5,87,0,4.7,5.9
20150803,23.5,75,0.25,6.9,10.9
20150804,27.2,64,0,7.9,7.8
20150805,26,74,,6.4,9.8
20150806,26.2,77,0,7.2,7.2
20150807,23.9,85,8.64,5.3,9.4
20150808,25.6,74,0,8,5.9
20150809,28.1,68,0,,5.9
20150810,29,63,0,6.9,6.5
20150811,28.2,70,,6.4,8
20150812,29.3,64,0,5.3,8.1
20150813,29,68,0,5.3,8.3
20150814,26.8,55,0,,12.2
20150815,27.1,51,0,,8.3
20150816,28.3,59,0,8.7,9.1
20150817,27.7,59,0,6.1,8.1
20150818,25.2,67,0.51,7.4,8.5
20150819,23.3,77,0.76,6,8.1
20150820,26,55,0,,9.6
20150821,26.1,56,0,,7.6
20150822,25.9,61,,12.1,10.7
20150823,21.8,83,1.52,11.4,8.3
20150824,23.9,73,,13.5,7
20150825,25.2,65,0,13.7,8.7
20150826,25.8,61,0,12.2,8.5
20150827,25.1,62,0,13.2,7.4
20150828,26.3,53,4.06,11.6,9.1
20150829,25.3,62,4.06,,8.1
20150830,21.6,82,26.42,8.5,7.4
20150831,20.2,91,12.45,9.7,8.3
20150901,21.2,84,3.3,10.1,12.2
20150902,24.9,64,2.29,,8.9
20150903,25.9,62,0,,8.1
20150904,20.1,92,39.12,5.5,11.1
20150905,18.3,90,8.13,8.7,9.8
20150906,22.3,64,0,,7.6
20150907,23.4,64,0,7.7,7.4
20150908,22.3,69,0,,6.1
20150909,21.5,65,,9.2,14.3
20150910,15.5,87,5.08,10.8,12.2
20150911,18.8,59,6.35,14.8,15.6
20150912,19.9,45,0,,15.2
20150913,21.7,53,0,,8.1
20150914,19.9,68,0,6.3,6.7
20150915,19.7,73,0,4.5,5
20150916,20.6,71,0,4.5,6.5
20150917,22.4,73,0.51,4.2,5.9
20150918,22,63,0.25,,8.9
20150919,22.1,52,0,,7.6
20150920,21.1,70,0,6.3,8
20150921,22.3,63,0,5.3,7.6
20150922,19.2,82,0,4,11.15
20150923,21.3,71,0,8.7,5.9
20150924,19.1,84,3.56,5.3,9.1
20150925,18.2,48,4.06,,11.3
20150926,19.4,60,0,9,8.1
20150927,21.7,58,,9.5,8.3
20150928,16.1,90,0.76,6.4,5.2
20150929,14.8,91,11.18,7.7,5.9
20150930,16.3,74,7.62,8.7,15
20151001,15.7,45,7.62,,17.8
20151002,18.6,47,0,,10.6
20151003,17.7,60,0,,8.1
20151004,17.3,74,0,5.1,4.1
20151005,17.6,83,0,2.3,5.7
20151006,19.3,80,0,2.1,5.2
20151007,19.9,47,0,2.6,15.4
20151008,14.1,29,0,,17.8
20151009,14.1,30,0,,23
20151010,14.1,29,0,,27.8
20151011,15.8,36,0,,17.8
20151012,16.7,38,0,,11.9
20151013,17.5,45,0,,5.6
20151014,15.1,67,0,6.3,6.3
20151015,16.4,65,0,5.6,5.6
20151016,15.8,79,0,2.6,4.1
20151017,16.3,70,0,2.6,6.7
20151018,14.2,52,0,,10.7
20151019,12.7,74,0,7.1,5.4
20151020,11.7,80,0.51,5.5,8.1
20151021,9.9,93,8.38,6.8,5
20151022,9.7,86,2.29,8.5,5.9
20151023,12.7,78,0.76,6.3,6.7
20151024,13.2,63,0,,7.8
20151025,10.4,61,4.83,11.4,6.9
20151026,9.5,53,0,7.9,11.9
20151027,10.1,39,0,,12
20151028,9.4,30,0,,15.7
20151029,7.4,30,0,,16.9
20151030,6.5,50,0,,7.6
20151031,7.1,54,0,6.8,5.9
20151101,9.1,51,0,,8.5
20151102,9.7,53,0,,6.7
20151103,9.4,72,0,4.5,6.7
20151104,11.8,71,,3.5,5.4
20151105,5.8,77,0,8.5,17.8
20151106,1.4,92,11.18,8.2,18.1
20151107,3.4,73,0,10.1,13.7
20151108,3.9,83,,4.5,5.9
20151109,5.5,87,,3.1,4.8
20151110,5.7,93,,1.9,5.4
20151111,6.4,86,,3.9,4.4
20151112,6.9,91,,1.9,4.6
20151113,7.2,90,0,2.1,3.5
20151114,7.9,88,0,1.4,5.6
20151115,9.2,78,,4.2,6.7
20151116,5.8,76,1.02,7.6,7.6
20151117,6,62,0,7.7,10.4
20151118,4.4,81,,5.5,7.8
20151119,2,98,2.03,2.3,9.1
20151120,1.5,94,1.27,2.9,4.4
20151121,0.1,96,1.78,4.3,5.9
20151122,-3.3,94,7.87,4,6.7
20151123,-4,63,6.6,,9.8
20151124,-6.6,74,20.07,9.8,5.9
20151125,-7.2,53,9.91,,24.8
20151126,-6.6,60,0,10.3,9.1
20151127,-3.9,75,0,2.6,4.3
20151128,-1.4,80,,2.3,4.1
20151129,-0.9,79,0,4.2,5.2
20151130,-1.1,94,0,1.1,4.3
20151201,0.3,80,0,1.1,10.4
20151202,1.4,33,0,12.6,28.5
20151203,-0.1,35,0,,27.2
20151204,2.6,36,0,,19.3
20151205,1.3,52,0,,6.5
20151206,0.7,74,0,4.3,4.1
20151207,0.7,81,0,2.7,3.9
20151208,1.2,91,,1.4,5.2
20151209,1.8,92,0,1.4,7
20151210,3.3,46,0,,13.7
20151211,1,52,0,6.3,5
20151212,-0.7,73,0,5.3,4.8
20151213,0.9,77,1.52,3.2,4.1
20151214,2.4,48,0.25,0.8,17.2
20151215,0.3,30,0,,33.5
20151216,-2.4,35,0,,25.2
20151217,-1.8,43,0,,7.8
20151218,-0.5,52,0,5.3,6.5
20151219,-1.7,78,0,4.7,4.1
20151220,-2.7,86,0,2.7,4.6
20151221,-1.4,73,0,4,5.9
20151222,-2.4,90,0,1.3,5.6
20151223,0.8,56,0,5.3,6.7
20151224,-1.5,74,,2.1,7.6
20151225,-3.5,96,0,0.8,5.9
20151226,-3.1,70,0,3.4,8.9
20151227,-7.3,63,0,9.5,6.7
20151228,-2.7,59,0,6.4,6.1
20151229,-2.4,76,0,2.3,4.6
20151230,-0.4,46,0,,14.8
20151231,,,,,
20160101,-2,67,0,4.5,6.3
20160102,-1.3,74,0,2.4,4.3
20160103,-1.8,72,0,4.2,7.4
20160104,-2.1,31,0,,15.9
20160105,-4.6,36,0,,12
20160106,-2.4,32,0,,19.8
20160107,-3,33,0,,23
20160108,-5,41,0,8.7,8.1
20160109,-3.4,43,0,,6.7
20160110,-3.6,35,0,,9.8
20160111,-6.9,35,0,,14.1
20160112,-4.3,26,0,,23.7
20160113,-4.8,30,0,,10.2
20160114,-2.2,32,0,6.8,10.6
20160115,-1.1,46,0,6.3,6.3
20160116,-3.3,61,0,6,8.1
20160117,-8,41,0,,15.4
20160118,-10.1,33,0,,17.8
20160119,-8.1,45,0,,5.4
20160120,-6.1,63,,5.8,6.1
20160121,-6.3,66,,5.1,12
20160122,-12.2,26,0,,21.1
20160123,-14.9,24,0,,39.6
20160124,-7.6,28,0,,25.6
20160125,-1.8,22,0,,23.3
20160126,-2.9,27,0,,15
20160127,-4.2,39,0,5.5,5.9
20160128,-2.8,38,0,6.1,7.4
20160129,-5.8,46,0,7.9,8.1
20160130,-7.3,32,0,,9.1
20160131,-4.3,30,0,,16.1
20160201,-2.1,29,0,,16.9
20160202,-1.8,28,0,,11.5
20160203,0.2,26,0,,12.6
20160204,0.2,25,0,,16.5
20160205,-1.1,29,0,,22.4
20160206,-0.9,30,0,,11.1
20160207,0.3,30,0,6.3,12.4
20160208,4.2,27,0,,15.9
20160209,2.1,35,0,,7.4
20160210,2.7,43,0,5.5,4.6
20160211,3.6,64,,3.9,6.7
20160212,4.6,77,7.87,5,13.7
20160213,-2.1,35,0.76,,36.1
20160214,-3.7,33,0,,24.4
20160215,0.9,28,0,,23.2
20160216,2.3,35,0,,18.1
20160217,5.9,27,0,,15.6
20160218,4.4,25,0,,16.1
20160219,1.1,25,0,,18.1
20160220,-1.4,28,0,11.6,15.7
20160221,0.1,48,0,6.3,10.2
20160222,2.1,29,0,5.6,18.9
20160223,-2.7,27,0,,16.7
20160224,0.4,27,0,,11.9
20160225,1.7,26,0,,10.6
20160226,2.9,30,0,,13.5
20160227,2.6,43,0,,9.8
20160228,0.2,27,0,,22
20160229,-0.6,35,0,7.9,7.6
20160301,2.4,45,0,6.3,6.7
20160302,9.3,36,0,5.8,7.6
20160303,7.2,64,0,2.4,5
20160304,7,50,0,1.9,10.9
20160305,6.4,25,0,,15.7
20160306,5.2,40,0,4.8,6.9
20160307,4.9,17,0,,21.7
20160308,1,19,0,,13.9
20160309,1.9,16,0,,18.1
20160310,1.8,21,0,,17
20160311,3.2,24,0,,10.9
20160312,3.2,44,0,7.2,8.1
20160313,6.1,24,0,,12.2
20160314,9.2,27,0,6.9,8.1
20160315,6.7,50,0,3.7,6.3
20160316,9.1,58,0,4,6.3
20160317,9.9,60,0,3.1,6.5
20160318,15.2,26,0,4.2,10.2
20160319,9.5,40,0,8,8.9
20160320,10.9,35,0,6.4,6.9
20160321,13.9,37,0,7.1,8.5
20160322,11.2,38,0,7.4,9.8
20160323,5.8,25,0,,9.8
20160324,8.9,22,0,,8.5
20160325,10,22,0,,10.6
20160326,14.3,17,0,,13
20160327,15.3,17,0,,10.6
20160328,15.2,25,0,7.4,12.2
20160329,16.4,21,0,,14.6
20160330,14.1,30,0,,9.1
20160331,17.9,47,0,5,12.4
20160401,16.7,28,0.51,,20
20160402,14.7,17,0.25,29.9,14.3
20160403,13.9,23,0,,10
20160404,16,41,0,8,12.2
20160405,14.8,40,0,6.3,11.3
20160406,14.3,61,,4.5,7.4
20160407,17.7,13,0,,21.7
20160408,17,21,0,,16.1
20160409,14.3,32,0,,11.3
20160410,12.4,28,0,,11.9
20160411,10.5,41,1.27,11.3,11.1
20160412,11.4,74,0,5.6,7.2
20160413,18.6,25,0,2.1,18.1
20160414,15.9,31,0,,12.8
20160415,16.8,45,3.81,10.3,11.5
20160416,15.6,26,1.02,,24.6
20160417,15.1,25,0,,23.7
20160418,14.9,27,0,,13.7
20160419,12.6,58,0,8,10.4
20160420,18.2,37,0,4.8,9.1
20160421,20.8,21,0,3.7,18.5
20160422,18.2,14,0,,16.3
20160423,15.3,22,0,,9.4
20160424,20,43,0,8,12.4
20160425,20.2,45,0,8,13.1
20160426,16.7,44,0,8,8.3
20160427,14.6,70,0,6.4,9.6
20160428,18.7,42,,7.7,11.7
20160429,18.3,65,,4.3,10
20160430,22.9,57,0,6,11.7
20160501,24.4,53,,3.7,13
20160502,11.7,80,8.13,9.3,14.3
20160503,19.8,22,7.87,,21.1
20160504,22.5,23,0,,9.3
20160505,19.7,30,0,6,16.3
20160506,20.4,19,0,,24.1
20160507,20,23,0,,9.6
20160508,20.5,45,0,,13.7
20160509,16.7,66,,10,11.5
20160510,22.8,42,0,9.2,11.5
20160511,22.3,63,5.08,6.3,14.6
20160512,14,50,2.54,,17.4
20160513,19.1,40,1.78,10.5,13.7
20160514,12.7,94,5.59,5.5,7.2
20160515,16.4,38,5.33,,12.2
20160516,23,31,0,,13.3
20160517,25,40,0,,11.7
20160518,24,49,0,,10.6
20160519,23.2,43,0,6.8,10.7
20160520,22,47,0,,9.1
20160521,22.3,40,0,,8.5
20160522,24.3,37,0,,8.3
20160523,18,61,0.25,8,11.7
20160524,22.8,37,0.25,,18.5
20160525,21.7,39,0,,13.1
20160526,24.6,26,0,,14.1
20160527,23.1,40,0,,13
20160528,24.5,41,0,,13
20160529,24.2,26,0,,12
20160530,27.5,46,0,8,10.6
20160531,22.8,36,0,,7.6
20160601,23.8,34,0,,8.1
20160602,25.6,32,0,,9.8
20160603,24.9,45,0,8.2,7.4
20160604,25.2,48,0,,9.1
20160605,24.2,55,0,,9.6
20160606,23.9,67,13.21,6,8.1
20160607,22,73,0.51,4.7,9.8
20160608,25,66,0,5,8.1
20160609,26.2,54,10.92,5.6,14.3
20160610,25.2,49,2.54,5.8,15.4
20160611,25.6,46,0,10,9.1
20160612,25.1,60,,7.7,10
20160613,19.5,92,13.46,6.9,9.1
20160614,18.9,79,2.03,9.8,8.9
20160615,23.6,56,0,,7.4
20160616,27.2,43,0,,9.4
20160617,24.5,55,,10.8,8.1
20160618,26.7,53,0,7.7,9.6
20160619,29.3,45,1.27,6.4,8.9
20160620,27.1,67,0.51,6.4,8.5
20160621,27.2,62,,5.5,8.5
20160622,27.7,69,,6.6,8.7
20160623,24.4,69,,5.8,8.1
20160624,26.6,32,,,12.8
20160625,29.3,34,0,,9.4
20160626,30.3,31,0,,11.9
20160627,23.8,67,23.88,7.7,10
20160628,21.1,89,2.79,5.1,5.7
20160629,24.1,74,2.29,4.7,7.4
20160630,26.9,56,1.78,8,8.7
20160701,26.8,49,0,8.5,8.9
20160702,27.7,53,0,6.3,8.5
20160703,27.9,61,1.02,4.2,9.6
20160704,27.2,62,0,5.5,8.7
20160705,27.6,54,0,6.6,9.1
20160706,28.7,52,0,6.3,9.3
20160707,28.6,59,0,6,10.6
20160708,28.4,68,0,5.8,8.5
20160709,30.4,62,0,5.8,9.4
20160710,31.7,54,0,4.5,11.7
20160711,32,53,0,6.3,13.3
20160712,25.3,78,0.51,8.5,10
20160713,31.2,42,0,,9.1
20160714,26.5,61,8.89,6.3,9.4
20160715,21.7,83,0,10.3,9.8
20160716,23.9,69,0,9.2,7
20160717,26.5,67,0,6.4,7.2
20160718,25.8,79,2.54,6,5.2
20160719,23.9,88,33.78,3.9,8
20160720,22.1,94,262.64,6.6,17.2
20160721,24.4,94,14.73,6.8,5.4
20160722,28,80,0,6.9,6.9
20160723,27.7,83,,5.6,8.7
20160724,29.1,78,12.19,7.4,6.7
20160725,27.5,74,0.51,9.3,9.3
20160726,28.6,63,0,,6.1
20160727,27.9,72,7.37,7.4,9.6
20160728,28.8,73,7.11,5.6,6.7
20160729,29.1,79,,4.3,7.6
20160730,26.2,85,0,4.5,8.3
20160731,26,85,,7.6,6.7
20160801,28.1,78,0,7.4,6.9
20160802,29.2,67,0,4.5,7.6
20160803,30.4,67,0,4.8,6.5
20160804,29.4,74,0,5.1,8.3
20160805,28.9,76,0,6,6.9
20160806,28.6,76,,6.9,10
20160807,26.9,76,2.79,8.2,7
20160808,27.3,62,0,,7.4
20160809,28.6,68,0,6.1,8.3
20160810,30.3,72,0,7.1,11.7
20160811,31.2,75,,5.8,8.5
20160812,26.9,83,50.29,5.6,9.4
20160813,26.6,64,0,,11.5
20160814,29.1,59,3.81,10.8,8.3
20160815,23.6,70,1.78,10,8
20160816,27.2,66,0,10.3,8.1
20160817,25.2,86,0,5,4.8
20160818,23.2,91,17.78,3.4,10.6
20160819,27.5,68,15.75,,9.3
20160820,26.8,68,0,,5.9
20160821,28.6,69,0,4.7,8.1
20160822,28.7,59,0,6.6,9.1
20160823,26.4,71,0.25,6,6.7
20160824,28.2,67,,6.8,8.9
20160825,22.8,47,0,,14.1
20160826,23.6,44,0,,9.1
20160827,24.4,41,,,10.6
20160828,25.2,40,0,,8.7
20160829,24.8,49,0,,6.9
20160830,24.7,54,,,7.6
20160831,29.3,16,0,,24.1
20160901,22.7,50,,,9.1
20160902,23.8,61,,,8.1
20160903,25.8,61,0,7.2,7.8
20160904,23.8,70,0,4.5,9.8
20160905,24.8,55,0,,9.8
20160906,26.6,45,0.25,,11.1
20160907,22.8,63,10.41,9.3,9.4
20160908,24.6,48,1.02,,9.8
20160909,24.2,49,0,,10
20160910,24.3,52,3.56,9.5,9.6
20160911,20.9,76,0,8.9,7
20160912,22.8,68,,6.1,7
20160913,22.3,81,0,4.2,5.2
20160914,22.9,77,,5.1,6.7
20160915,24.7,72,0,4.8,6.5
20160916,23.7,76,,4.8,6.3
20160917,20.4,79,10.16,8.9,5.7
20160918,17.2,81,9.91,9.7,10.4
20160919,18.7,57,0,,10
20160920,19.6,57,0,,6.9
20160921,18.1,78,,7.4,5.6
20160922,20,79,4.83,5.5,5.7
20160923,21.2,78,3.56,4.5,7.4
20160924,22.6,77,3.81,3.5,5.6
20160925,22.3,78,21.08,4,8.3
20160926,19.1,85,5.08,5.6,10.4
20160927,15.6,43,1.52,,19.1
20160928,12.9,53,0,,7.2
20160929,15.4,60,0,7.7,7.4
20160930,17.8,62,0,6.8,6.3
20161001,18.3,71,,4,5.2
20161002,20.5,72,,4.5,6.3
20161003,22.2,66,,6.3,10.2
20161004,15,86,6.35,7.9,8.5
20161005,16.1,82,,6.3,7.2
20161006,14.7,86,24.13,7.7,9.6
20161007,12.8,73,13.46,4.2,12.2
20161008,9.8,53,7.62,,13.1
20161009,9.8,66,0,,6.5
20161010,11.8,74,0,4.8,6.1
20161011,14.3,72,,5.5,7
20161012,13.8,79,0,5.8,4.8
20161013,15.6,83,0,2.6,5
20161014,14.3,90,0,1.8,5.2
20161015,15,87,0.25,2.7,4.6
20161016,14.3,86,0.25,3.5,7.4
20161017,16.5,62,0,6.3,7
20161018,16,86,0,3.2,4.4
20161019,16.4,86,0,2.1,6.7
20161020,12.5,73,4.32,8,10.7
20161021,11.1,87,7.11,5.1,7.2
20161022,10.3,66,1.02,,10.6
20161023,10,65,0,,5.2
20161024,8.7,86,0,5.1,4.4
20161025,11.7,76,0,5.8,8.5
20161026,12.1,45,,12.7,10.9
20161027,8.2,80,14.48,8.2,9.1
20161028,6.6,40,0.76,,16.1
20161029,5.9,54,0,,9.3
20161030,5.7,37,0,6.8,17.8
20161031,2.1,28,0,,13.3
20161101,1.6,57,0,7.4,5
20161102,4.7,60,0,6.8,6.7
20161103,5,80,0,2.4,5.6
20161104,6.4,91,,0.8,6.3
20161105,8.6,72,0,4.5,9.1
20161106,7.1,53,,9,10
20161107,6.6,41,0.51,,19.3
20161108,3.9,57,0,7.1,5.9
20161109,4.7,76,0,3.2,6.5
20161110,5.3,66,0.51,3.5,8.5
20161111,,,,,
20161112,8.2,64,0,7.4,6.7
20161113,7.4,78,0,4.2,6.3
20161114,7.3,22,0,,14.6
20161115,4.4,55,0,6.8,16.9
20161116,5.3,68,0,5.3,5.7
20161117,6.1,65,0,5,5
20161118,6.5,89,0.25,1.8,5.2
20161119,8.7,59,0.25,7.1,11.1
20161120,1.5,84,5.59,6.3,15.4
20161121,-2.9,39,1.27,8.7,31.3
20161122,-3.4,36,0.51,,19.3
20161123,-1.8,34,0,,13.3
20161124,-1.9,54,0,5.5,5.7
20161125,0,,0,4.2,5
20161126,1.7,59,0,4,8.9
20161127,0.8,36,0,,10.7
20161128,0.2,53,0,6.1,5.4
20161129,1.8,70,0,6.1,5.6
20161130,4.4,45,0,4.3,12.2
20161201,1.7,42,0,10.6,8
20161202,1.3,54,0,6,5.6
20161203,1.1,76,0,2.7,5
20161204,2,67,0,4.5,6.3
20161205,-0.5,35,0,,15.6
20161206,-0.7,48,0,6,6.1
20161207,2.1,62,0,4.7,7
20161208,2.6,36,0,2.4,20
20161209,-0.7,42,0,10.8,7.8
20161210,-1.7,46,0,6.6,5
20161211,0.6,65,0,3.5,6.1
20161212,1.9,58,0,3.5,8.5
20161213,-0.2,29,0,,13.3
20161214,-1.9,36,0,11.4,7.4
20161215,-1.3,36,0,,15.6
20161216,-0.8,50,0,4.5,5.4
20161217,-1.1,68,0,2.9,4.3
20161218,-0.8,64,0,4,5.6
20161219,-0.3,68,0,3.2,4.6
20161220,-2.1,94,,1.1,5.6
20161221,0.8,73,0,1.4,6.5
20161222,0.4,35,0,,18.3
20161223,-2.3,45,0,8.4,6.7
20161224,-3.1,67,0,6.6,4.4
20161225,-0.6,68,0,4.7,5.9
20161226,-1.6,30,0,,10
20161227,-1.6,46,0,6.6,9.3
20161228,-2.2,32,0,5.3,19.3
20161229,-3.9,44,0,5.8,6.7
20161230,-5,68,0,4.3,3.9
20161231,,,,,
20170101,-4.4,87,,1.3,5.9
20170102,-1.2,57,0,3.4,7
20170103,-1.7,67,0,2.4,4.8
20170104,-0.1,80,0,2.1,6.9
20170105,-0.9,75,,2.6,5
20170106,0.4,73,0,2.6,3.9
20170107,0.9,79,0.25,1.9,8.3
20170108,2.7,34,0,,24.6
20170109,0.3,34,0,,17.2
20170110,-2.4,33,0,,11.7
20170111,-0.8,37,0,,11.1
20170112,1.7,30,0,,21.7
20170113,-1.7,20,0,,23.2
20170114,-2.1,35,,,8.3
20170115,-3,70,,9.3,6.7
20170116,-1.6,71,,4.2,4.1
20170117,-2.6,60,0,4.5,7.8
20170118,-2.3,43,,6.4,8.3
20170119,-5.8,32,0,,32.6
20170120,-6.2,36,0,,8
20170121,-5.1,25,0,,23.5
20170122,-6.6,37,0,,7.2
20170123,-6.8,46,0,7.2,5
20170124,-3.4,45,0,6.4,5.7
20170125,-2.9,61,0,3.7,4.3
20170126,0.4,35,0,2.7,24.8
20170127,-1.9,39,0,7.6,7.6
20170128,-1.6,54,0,4.7,9.4
20170129,-4.4,25,0,,23.7
20170130,-2.3,18,0,12.4,9.8
20170131,-1.5,22,0,7.4,9.4
20170201,-3.1,25,0,13.5,9.1
20170202,-2.3,30,0,8,6.7
20170203,0.2,40,0,3.2,4.4
20170204,3.3,38,0,2.9,9.8
20170205,6.2,17,0,,18
20170206,0.4,27,0,,9.4
20170207,-1.9,64,,7.2,7.4
20170208,-0.8,25,0,,29.1
20170209,-0.9,21,0,,31.7
20170210,0.6,17,0,,24.4
20170211,0.2,29,0,,6.9
20170212,0.9,37,0,5.8,6.5
20170213,3.4,36,0,5.3,8.3
20170214,-1.1,74,0,2.4,7
20170215,2.5,53,0,3.1,8.7
20170216,3.7,22,0,,23.2
20170217,1,22,0,13.5,13
20170218,3.5,35,0,6.9,8.1
20170219,5,22,0,5.8,24.1
20170220,-0.8,26,0,10.1,9.3
20170221,-2.3,71,5.33,4.2,8.5
20170222,1.5,45,0,3.2,19.8
20170223,3.3,30,0,,13
20170224,6.3,26,0,,15.4
20170225,5.4,34,0,,10.6
20170226,5.6,39,0,7.9,7.2
20170227,8.3,33,0,,10.6
20170228,10.1,20,,,16.1
20170301,3.2,18,0,,24.3
20170302,5.9,28,0,,7.6
20170303,5.9,39,0,7.2,8.7
20170304,6.9,30,0,7.6,9.8
20170305,3.9,27,0,,16.3
20170306,3.1,27,,10.1,19.6
20170307,4.4,21,0,,23.2
20170308,9,16,0,,23.9
20170309,9.4,18,0,,14.8
20170310,11.8,20,0,,7
20170311,12.8,19,0,,19.4
20170312,6.8,15,0,,11.9
20170313,8.6,18,0,,7
20170314,9.1,23,0,,9.1
20170315,7.6,37,0,6.9,8.3
20170316,10.6,37,0,6.9,10.2
20170317,9.1,55,0,5,7.2
20170318,12,41,0,4.8,9.1
20170319,12.4,51,0,3.5,8
20170320,7.2,73,0.25,5.6,8.5
20170321,8.8,48,0,6.1,8.9
20170322,10.2,50,1.52,5.6,7.4
20170323,5.9,74,7.11,4.8,8.3
20170324,3.3,92,3.81,3.4,6.1
20170325,9.7,40,2.29,,12.6
20170326,9.5,35,0,14,16.1
20170327,10.4,29,0,,10
20170328,10.4,51,0,6.4,8.9
20170329,12.9,54,0,5.5,8.7
20170330,11.7,35,,7.2,11.1
20170331,12.3,27,0,,8.3
20170401,13.7,28,0,,9.4
20170402,14.6,32,0,6.9,6.9
20170403,17.6,40,0,5.5,9.8
20170404,16.7,52,,4.2,10.6
20170405,14.2,69,0,6.3,12.4
20170406,18.1,45,0,6.1,10
20170407,14.1,63,,6.9,7.2
20170408,13.3,52,0,6.8,8.1
20170409,14.1,40,0,,9.6
20170410,15.3,43,0,8.2,10.7
20170411,13.5,21,0,,15.4
20170412,14.9,25,0,,9.8
20170413,13.7,39,0,8.4,7.6
20170414,18.2,37,0,9,9.1
20170415,23.1,21,0,,12.8
20170416,17.6,53,0,5,10
20170417,20.6,22,0,5.5,22.4
20170418,16,24,0,,22.6
20170419,10.2,60,,10.5,6.5
20170420,15.9,30,0,,13.7
20170421,16.7,32,0,,11.7
20170422,20.4,24,0,,18.5
20170423,16.8,32,0,,12.8
20170424,17.3,12,0,,19.1
20170425,13.5,26,0,,8.3
20170426,18.9,15,0,,16.9
20170427,23.4,10,0,,20
20170428,25.3,16,0,,13.7
20170429,25.6,24,0,,15.4
20170430,21,26,0,,11.5
20170501,19.9,30,0,,8.9
20170502,22.9,41,0,7.4,10.6
20170503,20.5,50,0.25,6.6,13.3
20170504,21.3,20,0.25,2.9,16.7
20170505,15.8,17,0,,23.5
20170506,21.7,22,0,,17
20170507,23.9,26,0,,11.7
20170508,23.6,35,0,,9.1
20170509,21,48,0,,13.1
20170510,23.6,34,0,,11.5
20170511,21.3,15,0,,23.3
20170512,22.4,18,0,,18.5
20170513,23.4,22,0,,22.4
20170514,21.9,27,0,,9.8
20170515,22.4,28,0,,8.7
20170516,25.1,36,0,,11.5
20170517,25.3,50,0,8.2,7.2
20170518,28.8,47,0,6.4,9.8
20170519,29,43,0,5.6,12.6
20170520,28,45,0.76,,11.7
20170521,23.8,52,,,11.9
20170522,15.9,91,29.21,6,8.5
20170523,22.6,41,0,,9.6
20170524,26.6,26,0,,14.6
20170525,22.9,41,0,,15.4
20170526,22.7,43,0,,8.1
20170527,24.7,48,0,6.9,8.7
20170528,29.4,40,,,14.6
20170529,21.1,61,,11.4,8.5
20170530,21.4,70,1.02,4.8,7
20170531,25.4,47,,4.8,11.3
20170601,25.4,29,0,,13.5
20170602,17.5,54,,,10.9
20170603,22.1,39,0,,9.8
20170604,25.2,36,0,,7.8
20170605,24.6,43,2.79,8.9,9.6
20170606,16.9,84,0.51,7.2,6.1
20170607,23.7,46,0.51,6.4,8.5
20170608,25.2,39,0.25,11.3,9.1
20170609,28.1,29,0,,14.6
20170610,23.4,27,0,,11.3
20170611,23.9,30,0.51,,8
20170612,22.9,41,,,10
20170613,21.9,56,10.67,,10
20170614,28.6,31,0,,11.3
20170615,31.2,28,0,,11.5
20170616,31.7,28,0,,14.6
20170617,30.7,33,0,7.9,14.1
20170618,26.8,52,0.51,9.5,13.9
20170619,28.3,41,0,10.5,10.7
20170620,28.4,44,0,,9.8
20170621,25.7,61,1.02,9.5,9.8
20170622,20.2,93,63.5,5.1,8.1
20170623,19.4,93,39.88,9.3,9.3
20170624,22.4,73,26.42,10.1,9.1
20170625,24.6,65,0,9.2,10.6
20170626,28.9,51,0,8.4,8
20170627,28.3,60,0,5.8,9.1
20170628,28.7,64,,5.5,8.3
20170629,29.1,58,0,4.8,10.2
20170630,29.7,60,0,6.1,9.4
20170701,29.9,61,0,5,8.9
20170702,28.5,65,0,6,10
20170703,27.6,70,2.54,6.9,7.6
20170704,25.5,87,36.07,5.5,6.5
20170705,28.1,74,0,5,10.2
20170706,23.4,91,38.35,4.3,10
20170707,25.9,73,3.3,8.7,13.7
20170708,27.9,73,3.05,9.2,7.2
20170709,29.7,60,0,5.1,9.6
20170710,29.5,56,0,,7.8
20170711,29.3,68,,7.7,6.5
20170712,31.7,67,0,,10.2
20170713,30.1,73,,9,13.3
20170714,27.8,79,0.51,10.5,10.6
20170715,27.1,83,0.51,5.3,4.8
20170716,29.3,76,0.51,5.6,6.7
20170717,28.7,79,0,6.4,7.2
20170718,27.7,86,0.51,5,7.6
20170719,29.1,80,0,5.5,7
20170720,28.7,86,11.18,4.7,8.3
20170721,22.7,88,2.79,10,8
20170722,25.1,80,0,10.5,5.7
20170723,25.7,83,,8.9,5
20170724,26.1,86,0,,6.5
20170725,26.6,72,,,8.7
20170726,21.5,85,1.78,10,7.2
20170727,25.3,80,1.52,,7.2
20170728,25.9,71,0,,6.3
20170729,24.6,74,0,8,9.6
20170730,26,70,0,5.1,8.3
20170731,27.5,73,0,5.5,7.4
20170801,28.2,78,0,6.9,8.5
20170802,27,87,66.8,8.2,10.6
20170803,30.6,66,66.04,9.2,10.7
20170804,30.4,55,0,,10.9
20170805,27.6,74,4.57,8.2,8.5
20170806,29.7,51,0,,10.7
20170807,29.6,56,0,,8.3
20170808,26.7,71,1.02,9.7,6.7
20170809,24.9,82,1.02,7.9,5.9
20170810,28.1,76,0,4.8,8.3
20170811,25.3,81,7.37,5.6,8.7
20170812,22.7,92,48.51,8,9.4
20170813,24.2,86,10.16,7.1,8.3
20170814,26.4,76,0.51,7.4,7.2
20170815,27.3,78,0,6.6,7.6
20170816,23.9,85,4.57,6.9,7.6
20170817,26.1,72,0,6.9,7
20170818,24.8,84,21.34,7.4,6.5
20170819,25.1,82,4.32,6.4,5.4
20170820,26.7,79,3.05,5,4.8
20170821,29.1,74,0,5.8,7
20170822,26.2,89,18.29,4.5,8.9
20170823,27.2,74,17.53,,9.4
20170824,24.9,47,0,,14.3
20170825,25.1,41,0,,12.6
20170826,24.3,53,,12.6,10.4
20170827,17,97,27.43,6.6,8
20170828,21.1,60,25.91,,9.1
20170829,21.1,54,0,,10.6
20170830,23.1,70,0,6.9,7.8
20170831,22.7,76,0,4.3,7.2
20170901,23.3,78,0,3.2,7.4
20170902,23.2,74,0,4.7,9.1
20170903,23.8,70,0,5.6,10
20170904,24.1,70,,5,8.5
20170905,25.3,44,0,,15.4
20170906,23.2,52,0,,6.7
20170907,25.2,66,0,5.5,5.9
20170908,26.7,72,0,4.8,10.4
20170909,25.2,80,0,5,8.9
20170910,20.8,91,2.54,5.6,7.2
20170911,20.9,57,0,,8.1
20170912,23.4,58,0,,7
20170913,24.1,75,0,6.3,6.1
20170914,24.3,63,0,5.3,7.4
20170915,21.3,77,,5.6,5
20170916,21.3,74,,4.8,5.9
20170917,20.4,50,0,,7.2
20170918,22.1,53,0,,7.4
20170919,20.8,36,0,,14.6
20170920,20.4,49,0,,6.5
20170921,22.3,61,0,,9.4
20170922,20.3,34,0,,11.9
20170923,20.7,64,0,6.6,6.7
20170924,24.2,58,0,7.2,8.5
20170925,23,78,,4.5,6.3
20170926,16.1,73,,8.7,11.3
20170927,15.1,53,0,10.5,9.6
20170928,16.1,27,0,,12.4
20170929,16.4,58,0,,5.9
20170930,19.2,78,0,4.5,7.2
20171001,21.6,34,0,,11.1
20171002,12.8,73,0,15,6.9
20171003,13.3,51,0,,6.9
20171004,14.7,53,0,10,9.4
20171005,14.5,67,0,,8.7
20171006,16,74,0,5.6,6.1
20171007,15.5,87,,3.2,4.6
20171008,15.6,91,12.95,1.8,6.5
20171009,11.7,92,51.82,8.2,13.1
20171010,9.5,87,3.81,11.3,7.8
20171011,10.9,70,1.27,11.4,7.4
20171012,9.6,72,0,12.2,7.2
20171013,12.2,57,0,,9.1
20171014,10.9,68,0.76,10.6,8.3
20171015,11.7,80,0.25,6.3,6.5
20171016,12.2,64,0,8.7,5.6
20171017,14,81,1.27,5.3,5
20171018,12.2,97,2.54,2.6,5.7
20171019,13.9,84,1.52,3.7,6.3
20171020,13.1,89,0,3.1,5.9
20171021,14.3,70,0,7.4,8.1
20171022,9.9,80,0,11.4,5.2
20171023,10.8,68,0,8,5.7
20171024,11.4,78,0,5.5,5.6
20171025,11.8,88,0,2.7,3.9
20171026,11.7,91,0,2.1,3.7
20171027,12.7,84,0,2.4,7
20171028,9.2,30,0,,23.2
20171029,9.1,26,0,,17.2
20171030,7.4,45,0,,7.2
20171031,8,68,0,6.8,6.1
20171101,10.4,55,0,,6.1
20171102,10.8,44,0,,10
20171103,4,49,0,,6.9
20171104,5.4,62,0,8.2,5.9
20171105,6.1,79,0,5.3,5.4
20171106,7.8,78,0,3.4,4.8
20171107,9.9,40,0,4,15.4
20171108,7.3,55,0,9.8,7.4
20171109,9.6,62,0,7.2,10.2
20171110,5.4,30,0,,24.8
20171111,2.2,50,0,,6.7
20171112,3.4,58,0,,7
20171113,6.1,21,0,,23
20171114,0.7,28,0,,15.6
20171115,-0.2,35,0,,6.7
20171116,1.1,48,0,,7.4
20171117,1.1,19,0,,30.4
20171118,-1.1,30,0,,12.2
20171119,-2.3,53,0,6.9,5.9
20171120,0.7,45,0,6.8,5.9
20171121,4.3,35,0,4.7,16.5
20171122,3.2,21,0,,21.1
20171123,2.1,24,0,,18.9
20171124,1.9,30,0,,10.4
20171125,2.6,42,0,,12
20171126,-1.2,33,0,23,8.9
20171127,-0.7,69,0,,5.9
20171128,0.1,23,0,,20.9
20171129,-4.3,34,0,,7.8
20171130,-1.8,31,0,,13.7
20171201,-2.2,46,0,,6.1
20171202,-1.6,61,0,5,5.9
20171203,0.4,26,0,,16.3
20171204,-0.7,25,0,,16.1
20171205,0.4,35,0,,11.5
20171206,2.7,29,0,,13.9
20171207,0.8,28,0,,22.2
20171208,0.2,37,0,,8.1
20171209,4.2,27,0,,13.3
20171210,0.2,24,0,,19.1
20171211,-4.3,24,0,,16.7
20171212,-7.1,36,0,,6.9
20171213,-4.2,36,0,,5.6
20171214,-3.1,51,0,7.9,7.4
20171215,-1.4,27,0,,23.2
20171216,-5.8,35,0,,13.3
20171217,-1.8,34,0,,9.1
20171218,-0.1,29,0,,19.1
20171219,-2.2,40,0,,8.1
20171220,0.3,40,0,,13
20171221,-0.6,48,0,7.6,5.7
20171222,1.6,32,0,,9.6
20171223,1.6,35,0,,7.8
20171224,0.7,24,0,,22.6
20171225,-1.1,31,0,,7.6
20171226,-1.9,50,0,,6.7
20171227,-3.3,71,0,7.4,6.7
20171228,-3.2,77,0,5.3,4.1
20171229,-3.4,91,,1.8,5.2
20171230,-1.4,39,0,1.8,9.4
20171231,,,,,
20180101,-2.9,41,0,,6.9
20180102,-2.7,31,0,,10.4
20180103,-3.4,29,0,,13.9
20180104,-5.4,40,0,,7
20180105,-2.6,30,0,,10
20180106,-1.4,31,0,,7
20180107,-0.2,35,0,,19.4
20180108,-3.1,31,0,,27.2
20180109,-3.1,25,0,,31.7
20180110,-6.3,23,0,,27
20180111,-8.8,30,0,,9.8
20180112,-5.3,37,0,,6.7
20180113,-3.6,50,0,4.8,5
20180114,0.2,39,0,4.8,10.2
20180115,-1.3,51,0,9.5,8.1
20180116,0.2,35,0,,8.5
20180117,-1.3,30,0,,11.7
20180118,-2.7,44,0,6.8,5.9
20180119,0.7,31,0,,14.3
20180120,-0.9,47,0,10.1,8.5
20180121,-4.2,53,,10.5,8.7
20180122,-6.7,23,0,,22.4
20180123,-9.3,22,0,,18.3
20180124,-7.8,24,0,,14.6
20180125,-9.6,28,0,,9.1
20180126,-8.8,43,0,8.2,4.3
20180127,-7.6,43,0,6.4,12.2
20180128,-5.6,24,0,,25.6
20180129,-1.9,25,0,,20.7
20180130,0.1,20,0,,22.4
20180131,-2.2,24,0,,13.3
20180201,-0.8,25,0,,20.9
20180202,-6.2,26,0,,18.5
20180203,-5.9,26,0,,13.7
20180204,-4,28,0,,13
20180205,-5.9,25,0,,10.6
20180206,-4.7,36,0,,7.4
20180207,-4.8,29,0,,17.4
20180208,-4.6,39,0,6.6,7.8
20180209,-2.9,18,0,,22.2
20180210,-3.8,20,0,,27.2
20180211,-3.6,21,0,,23.3
20180212,-2,25,0,,11.5
20180213,0.6,24,0,8.4,7.8
20180214,-0.4,23,0,,8.5
20180215,-2.2,33,0,8.5,7.4
20180216,0.4,28,0,9.2,8.3
20180217,-2.5,66,0,7.4,5.2
20180218,0.8,52,0,6,6.3
20180219,1.2,58,0,4.5,6.3
20180220,0.9,22,0,,10
20180221,1.7,22,0,5.8,10.4
20180222,0.8,24,0,,9.6
20180223,4,25,0,,11.3
20180224,-2.1,36,0,,10.6
20180225,-0.3,48,0,,5.9
20180226,2.4,51,0,6.4,4.8
20180227,2.6,58,0,4.3,6.7
20180228,3.3,29,0,5.1,23.5
20180301,3.1,21,0,,12.4
20180302,2.7,41,0,7.9,5.2
20180303,7.2,56,0,4.3,6.7
20180304,1.6,48,0,6.3,9.8
20180305,1.5,41,0,,11.7
20180306,0,,0,,13.1
20180307,-0.9,51,0,,7.8
20180308,1.7,37,0,,10
20180309,2.3,49,0,7.2,8
20180310,4.5,47,0,6.8,10.9
20180311,4.3,46,0,6.1,4.4
20180312,5.6,56,0,4.2,5.7
20180313,10.9,48,0,2.7,5.6
20180314,12.3,52,0,3.2,13.7
20180315,6.1,25,0,,16.1
20180316,5.1,39,0,,10.9
20180317,0.9,88,4.06,3.9,5.4
20180318,5.7,68,3.81,5.6,7.6
20180319,9.6,29,0,,10.6
20180320,6.2,21,0,,9.1
20180321,5.4,37,0,,7.4
20180322,11.2,34,0,,8.5
20180323,11.7,40,0,4.8,5.9
20180324,14.4,26,0,5.3,8.5
20180325,18,22,0,7.6,9.8
20180326,15.8,46,0,5.5,7
20180327,18.6,50,0,3.4,9.1
20180328,17.8,32,0,4.2,10.7
20180329,13.6,29,0,,12
20180330,13.3,27,0,,9.3
20180331,15.8,37,0,6,6.7
20180401,18.6,54,0,3.5,9.3
20180402,18.8,39,0,2.9,13.3
20180403,5.6,60,2.54,11.9,15.2
20180404,3.6,68,10.41,5.1,8.9
20180405,4.3,59,6.1,6.6,18.5
20180406,6.5,26,0,,29.1
20180407,7.2,30,0,,11.5
20180408,12.8,30,0,,9.8
20180409,14.3,43,0,7.4,9.1
20180410,17.6,28,0,,25.9
20180411,19.9,20,0,,16.1
20180412,16.8,24,,,12.4
20180413,10.3,75,6.1,6.8,14.1
20180414,14.2,19,0,12.1,26.3
20180415,15.3,24,0,,10.7
20180416,18.1,39,0,8.2,13
20180417,17.8,54,0,7.2,9.4
20180418,19.1,63,0,6,7.6
20180419,21.2,59,0,4.8,11.1
20180420,22.1,52,,5.3,10.9
20180421,14.1,80,27.18,7.7,16.1
20180422,12.4,62,1.27,10.8,11.1
20180423,13.7,61,1.27,,9.8
20180424,17.3,36,0,,8.3
20180425,18.7,41,0,7.1,10.9
20180426,19.2,53,0,6.1,6.7
20180427,19.8,41,0,8.2,13
20180428,21.3,61,0,4.5,6.7
20180429,23.1,53,,7.7,8.5
20180430,18.8,62,0,,10.9
20180501,17.2,54,1.02,9.2,14.8
20180502,18,27,0,,9.3
20180503,17.3,29,0,,9.1
20180504,21.3,45,0,,9.4
20180505,19.5,38,0,7.2,10.6
20180506,21.8,40,0,,8.7
20180507,20.4,37,0,,10
20180508,20.2,31,0,,10.6
20180509,20.8,40,0,7.7,9.3
20180510,22.7,50,0,6.4,7.4
20180511,19.3,70,0,5,6.7
20180512,18.5,74,0,4.7,8.9
20180513,23.8,52,0,5.1,8.5
20180514,26.4,57,0,4.7,9.3
20180515,24.7,75,0,5.6,7.8
20180516,24.5,77,0,4.5,6.9
20180517,21.2,69,0.51,6,8.9
20180518,23.4,48,0,,9.8
20180519,21.6,54,1.78,8.4,10.6
20180520,17.2,75,2.54,6.9,5.2
20180521,16.7,83,3.56,4.8,7.2
20180522,18.3,24,3.3,6,20
20180523,22.9,34,0,7.4,12.6
20180524,26.3,40,0,,12.2
20180525,25.4,54,0,4.3,8.3
20180526,24.4,47,0,4.5,13
20180527,26.8,25,0,7.6,12.4
20180528,22.7,23,0,,19.1
20180529,24.2,24,0,,13.9
20180530,25.9,28,0,,8.5
20180531,27.1,30,0,,7.8
20180601,27.9,28,0,,10
20180602,28.8,32,,,11.1
20180603,23.7,48,1.02,,8
20180604,28.4,25,0.25,,14.3
20180605,34.8,18,0,,15.7
20180606,28.7,35,0.51,,9.6
20180607,24.3,49,0.51,13.4,10.2
20180608,27.1,35,,12.9,9.6
20180609,19.4,75,7.61,11.7,8.5
20180610,21.8,63,0,8.9,9.3
20180611,22.1,70,,6.4,7.4
20180612,24.6,67,2.79,6,8.1
20180613,19.3,78,11.43,7.9,6.9
20180614,24.7,58,0,7.1,8.3
20180615,24.4,62,0,6.6,10.6
20180616,25.9,67,,6.1,7.8
20180617,23.3,79,5.84,5.5,7.4
20180618,26.9,65,0.76,4.7,7.2
20180619,26.8,59,0,6.6,9.3
20180620,29.1,35,0,6.1,8.5
20180621,29.9,36,0,8,8.9
20180622,26.7,57,0,5.3,7
20180623,30.2,46,0,9.5,7.6
20180624,30.9,47,0,9,10.6
20180625,27.4,71,0.51,5.8,6.1
20180626,27.1,69,,4.7,8.3
20180627,30.6,33,0,,13.9
20180628,29.9,33,0,,9.8
20180629,30.7,34,5.33,12.4,12.2
20180630,26.9,61,8.64,9.7,12.2
20180701,26.9,66,7.87,7.1,11.1
20180702,27,68,0,8.7,8.3
20180703,26.7,73,0.51,7.1,6.7
20180704,30.3,59,0,7.4,7.4
20180705,27.5,66,3.05,8,10
20180706,29.2,61,,6.4,10.2
20180707,24.4,89,10.92,3.9,6.7
20180708,27.2,79,4.06,4.8,7
20180709,25,84,0,7.1,6.7
20180710,25.6,75,0,8.2,6.5
20180711,21.6,94,36.32,5.3,5.4
20180712,24.7,84,1.02,7.7,6.7
20180713,26.7,84,1.02,6.6,7
20180714,28.4,76,0,6.8,6.7
20180715,29.9,74,13.21,6.1,9.6
20180716,25.3,95,39.62,9.7,8
20180717,24.6,95,72.39,7.1,5.7
20180718,27.3,88,27.18,4,4.4
20180719,27.8,89,6.1,4.5,8.3
20180720,30.7,78,,6.3,10.6
20180721,31.2,73,,5.8,10.9
20180722,28.4,78,0,5.5,7.8
20180723,29.3,72,5.59,7.9,9.3
20180724,26.2,90,84.58,8.4,12.6
20180725,28.5,67,51.31,,9.6
20180726,29.7,64,0,11.7,8.5
20180727,28.5,77,0,7.9,5.4
20180728,29.7,70,0,6.9,5.9
20180729,30.4,72,0,5.5,5.7
20180730,31.4,70,0,6.4,6.5
20180731,31.7,69,0,6.3,8.3
20180801,32.2,69,0,6.8,6.7
20180802,31.7,69,0,5.5,6.7
20180803,32.2,64,0,6.8,8.5
20180804,32.4,64,0,7.9,8.9
20180805,29.8,73,4.32,9.8,9.4
20180806,26,85,10.41,7.4,4.4
20180807,28.4,83,0,8.5,5.2
20180808,25.3,91,18.8,8.2,7
20180809,28.6,77,17.53,6.1,6.9
20180810,29.7,70,0,6.9,7.4
20180811,26.3,87,10.92,5.6,7
20180812,26.2,87,60.96,7.4,6.7
20180813,27.2,87,6.1,6.6,5.6
20180814,26.4,87,0,9.2,8.3
20180815,28.6,60,0,,11.3
20180816,27.7,60,0,,8
20180817,27.6,68,,10.1,8.3
20180818,24.2,79,0,13.4,8.3
20180819,25.1,80,0,9.5,7.4
20180820,27.8,68,0,,10.2
20180821,27.6,54,0,,6.9
20180822,24.8,72,0,,7.4
20180823,25.8,63,0,12.2,9.6
20180824,26.1,57,0,15,7.4
20180825,27.4,62,0,,8.5
20180826,28,68,0,6.1,7.4
20180827,26.8,68,0,7.4,8.5
20180828,25.6,71,0,6.6,7.4
20180829,26.7,56,0,,8.1
20180830,21.9,82,3.81,9.5,7.2
20180831,25.5,67,3.81,8.5,7.2
20180901,24.5,71,14.22,7.1,9.8
20180902,23.7,86,16.26,5.6,6.7
20180903,27,37,0,,23
20180904,25.3,43,0,,13.7
20180905,26.6,42,0,,11.1
20180906,22.8,34,0,,24.1
20180907,22.7,35,0,,15.6
20180908,21.5,47,0,,7
20180909,21.4,61,0,,7.2
20180910,22.9,55,0,,7.2
20180911,21,67,1.78,7.1,9.8
20180912,22.3,70,1.02,5.8,7.8
20180913,23.1,76,0,5.5,4.8
20180914,24.5,62,,5.1,11.5
20180915,21.4,44,0,,12.4
20180916,18.8,41,0,,8
20180917,21.3,36,0,,9.1
20180918,17.1,79,0,,6.7
20180919,18.5,70,0,9.5,4.6
20180920,18.5,67,0,6.6,8
20180921,20.2,23,0,,20.9
20180922,17.6,27,0,,19.8
20180923,17.6,36,0,,20.2
20180924,10.3,87,0,,3.5
20180925,18.1,60,0.25,,8.3
20180926,17.3,64,0,,6.9
20180927,16.4,80,6.1,4.3,5.9
20180928,15.7,75,1.02,6,10.2
20180929,13.4,45,0,,15.4
20180930,16.3,42,0,12.7,22.2
20181001,19.9,32,0,,20.4
20181002,17.7,44,0,,9.1
20181003,16.5,51,0,,6.1
20181004,17,67,0,7.7,5.2
20181005,18.3,63,0,7.1,9.8
20181006,14.7,23,0,,18.3
20181007,14.3,25,0,,16.9
20181008,15.5,31,,,16.1
20181009,10.6,29,0,,20.9
20181010,9.5,39,0,,8
20181011,9.8,47,0,,5.9
20181012,10.7,58,0,,5.2
20181013,11.8,67,0,5.6,5.7
20181014,13.8,72,0,3.2,4.3
20181015,13.2,81,4.06,3.1,7.4
20181016,12,68,4.32,6,7.8
20181017,8.9,48,0,,7.4
20181018,9.7,53,0,,5.6
20181019,9.6,58,0,7.4,5.6
20181020,10.2,64,0,6.9,5
20181021,9.6,75,0,4,5
20181022,11.8,50,,3.4,10.6
20181023,9.8,44,0,,8.9
20181024,11.4,55,0,8.2,5.2
20181025,11.8,40,,4.3,14.3
20181026,8.4,22,0,,24.8
20181027,15.1,20,0,,21.1
20181028,12.2,26,0,,26.1
20181029,9.9,29,0,,17.2
20181030,8.2,44,0,,7
20181031,7.9,51,0,,5.6
20181101,8.7,52,0,7.7,5.4
20181102,8.1,73,0,5.1,4.3
20181103,10.9,67,,4.3,6.7
20181104,6.5,79,0.76,6.4,9.8
20181105,5.7,64,0,,6.5
20181106,4.4,46,0,,7
20181107,5.8,52,0,,4.8
20181108,6.4,57,0,6.9,6.7
20181109,9.4,25,0,,17.8
20181110,8.3,36,0,,5.2
20181111,7.8,51,0,8.2,5.7
20181112,6.2,70,0,5.6,5
20181113,6.4,85,0,2.4,4.6
20181114,7.2,89,0,1.6,6.7
20181115,5.6,33,0,,12.2
20181116,3.8,23,0,,10
20181117,,,,,
20181118,,,,,
20181119,,,,,
20181120,,,,,
20181121,,,,,
20181122,,,,,
20181123,1.8,52,0,7.7,10.6
20181124,3.1,49,0,5.8,7.4
20181125,4,46,0,4.8,5.6
20181126,5,51,0,2.4,8.5
20181127,3.2,19,0,,10.9
20181128,0.2,42,0,,5.4
20181129,0.7,52,0,,5.9
20181130,0.6,60,0,6.6,4.3
20181201,4.3,68,0.25,3.7,4.4
20181202,4.8,77,0.25,2.7,8.9
20181203,3.1,17,0,7.2,12.4
20181204,-1.7,24,0,,13
20181205,-0.9,36,0,,11.5
20181206,-5.6,14,0,,23.9
20181207,-8,16,0,,23.9
20181208,-8.4,25,0,,14.1
20181209,-7.4,40,0,,5.2
20181210,-3.8,35,0,,8
20181211,-4.9,19,0,,20.9
20181212,-2.1,23,0,,9.8
20181213,-3.6,30,0,,8.3
20181214,-5.3,45,0,,4.4
20181215,-3.6,50,0,7.7,4.8
20181216,1.2,27,0,,13.9
20181217,1.6,28,0,,8.3
20181218,-0.1,36,0,,8
20181219,-0.6,45,0,,5
20181220,1.2,45,0,7.2,5.6
20181221,3.2,34,0,,10
20181222,2.6,19,0,,20
20181223,-5.8,19,0,,11.9
20181224,-5.4,33,0,6.9,9.1
20181225,-1.1,15,0,,19.1
20181226,-6.8,17,0,,12
20181227,-9.7,12,0,,35
20181228,-7,16,0,,23.3
20181229,-7.1,21,0,,11.9
20181230,-8.7,32,0,,5.9
20181231,-8.4,40,0,,5
20190101,-5.2,35,0,,14.1
20190102,-5.4,38,0,,5.6
20190103,-4.5,41,0,6.3,10.2
20190104,-2.7,18,0,,23.2
20190105,-5.2,25,0,,7.4
20190106,-6.5,41,0,7.9,5.4
20190107,-2.2,22,0,,18.9
20190108,-6.4,28,0,,10
20190109,-6.3,36,0,,5.4
20190110,-3.1,37,0,7.2,5.2
20190111,-2.8,42,0,6,3.5
20190112,-3.6,53,0,5.1,5.4
20190113,-2.1,34,0,7.1,7.4
20190114,-1.6,27,0,5,21.3
20190115,-5.4,18,0,,18.9
20190116,-4.2,18,0,,9.1
20190117,-1.8,15,0,,6.9
20190118,0.3,19,0,,9.8
20190119,1.2,21,0,,15
20190120,2.7,13,0,,23.9
20190121,4.7,12,0,,17.8
20190122,3.1,19,0,,12
20190123,2.9,29,0,,8.3
20190124,0.1,44,0,,9.1
20190125,-0.1,18,0,,13
20190126,-1.2,26,0,,6.9
20190127,1.9,17,0,,17.8
20190128,0.4,15,0,,9.8
20190129,-0.4,28,0,6.9,8.7
20190130,-1.7,14,0,,15.7
20190131,-5.3,14,0,,12.8
20190201,-3.7,26,0,,5.7
20190202,-0.8,62,0,3.9,8.3
20190203,1.1,20,0,,18
20190204,-2.7,59,0,8.4,5.9
20190205,-1.2,47,0,6.4,9.6
20190206,-4.3,35,0,9.8,16.1
20190207,-6.8,17,0,,11.3
20190208,-5.1,19,0,,11.7
20190209,-5.7,22,0,,7.4
20190210,-6.2,27,0,,6.7
20190211,-1.7,21,0,,9.8
20190212,-5.4,52,1.02,7.9,6.5
20190213,-3.4,26,,14,9.3
20190214,-4.4,72,0.25,5.1,10.7
20190215,-3.8,30,0,,25.7
20190216,-2.2,21,0,,20.2
20190217,1.4,20,0,,11.3
20190218,1.4,28,0.51,9,5.4
20190219,1.3,43,0.51,6.3,11.1
20190220,1.8,28,0,,9.1
20190221,3.6,34,0,3.5,9.4
20190222,3.7,32,0,4.7,5.9
20190223,5.2,31,0,4.5,8.5
20190224,5.6,24,0,,9.4
20190225,4.8,27,0,,6.7
20190226,3.9,42,,8.2,4.8
20190227,5.4,40,0,7.2,9.3
20190228,6.2,35,0,5.6,7.8
20190301,6.2,42,0,3.5,5.6
20190302,7.3,41,0,4.3,7
20190303,6.8,47,0,4.5,7
20190304,11.4,29,0,4,8.3
20190305,11.3,17,0,3.7,20
20190306,4.9,21,0,,14.3
20190307,5.7,20,0,,8
20190308,7.8,28,0,,8.5
20190309,7.4,48,0,5.8,6.7
20190310,6.5,64,0.25,4.5,9.1
20190311,9.3,18,0,,27.2
20190312,7.8,11,0,,18.1
20190313,9.4,18,0,,7.8
20190314,10.6,20,0,13.7,16.9
20190315,7.6,24,0,,10.7
20190316,9.7,29,0,,11.9
20190317,12.7,30,0,,9.6
20190318,12.6,47,0,5.6,5.7
20190319,18.4,37,0,4.8,11.3
20190320,13.1,42,2.29,6,21.3
20190321,6.3,22,0,,12.8
20190322,9,17,0,,26.5
20190323,7.6,17,0,,15.2
20190324,11.2,22,0,,11.5
20190325,14.7,12,0,,11.9
20190326,11.4,34,0,,10
20190327,12.9,28,0,7.1,12.2
20190328,5.9,34,0,,10.4
20190329,8,24,0,12.1,24.8
20190330,6.5,20,0,,23.9
20190331,9.6,19,0,,14.1
20190401,11.1,21,0,,9.8
20190402,11.1,25,0,,8.3
20190403,11.8,33,0,,7.4
20190404,19,18,0,7.2,16.9
20190405,13.1,22,0,8.2,11.5
20190406,13.8,23,0,,8.5
20190407,12.2,26,0,,10
20190408,12.3,22,0.51,12.1,13
20190409,6.3,76,3.81,9.2,10.9
20190410,14.4,32,3.81,,9.4
20190411,13.3,44,0,7.7,9.3
20190412,15.8,40,0,6.4,13.7
20190413,16.3,20,0,5.1,17.4
20190414,16.9,17,0,,17.2
20190415,19.8,24,0,,13.7
20190416,18.8,46,0,6.9,10.6
20190417,21.8,39,0,5.8,14.6
20190418,16.2,26,0,,14.8
20190419,14,37,5.84,10.3,11.5
20190420,10.9,81,0.25,7.7,4.6
20190421,15.1,45,0,6.4,9.4
20190422,19.1,61,0,5.3,10.2
20190423,21.7,67,,5.5,11.1
20190424,9.3,83,20.57,8.7,19.3
20190425,12.4,46,3.81,13.4,11.3
20190426,14.9,47,0.25,10,9.8
20190427,10.2,80,4.32,8,10.4
20190428,13.2,70,,7.2,8.3
20190429,15.9,67,0,4.3,7.8
20190430,18.4,25,0,,17.8
20190501,21.4,18,0,,12
20190502,22.7,21,0,,11.5
20190503,23.1,34,0,,9.8
20190504,22,41,0,,15.4
20190505,15.9,22,0,,16.1
20190506,18.9,18,0,,13.5
20190507,21.9,18,0,,13
20190508,18.9,44,0,7.7,8
20190509,21.8,27,0,,8.3
20190510,22.7,40,0,6.4,10.7
20190511,22.8,48,0,4.7,10.9
20190512,15.2,48,3.81,4.5,11.5
20190513,18.2,25,0,,14.8
20190514,20.7,45,0,8.2,7.6
20190515,23,58,0,6.6,9.1
20190516,,,,,
20190517,,,,,
20190518,,,,,
20190519,,,,,
20190520,19.6,26,0,,18.9
20190521,22.3,30,0,,10.9
20190522,25.2,34,0,,7.8
20190523,27.4,42,0,,7
20190524,26,40,0,,10
20190525,28.6,49,1.02,6.9,10.4
20190526,20.1,63,26.67,7.4,17
20190527,22.7,26,26.42,,14.6
20190528,24.8,30,0,,11.5
20190529,26.8,34,0,,10
20190530,24.3,21,0,,16.9
20190531,25.3,19,0,,14.1
20190601,23.5,50,,10.6,10.2
20190602,24.8,60,2.54,10,9.4
20190603,25.2,51,1.02,6.6,9.4
20190604,22,70,0.25,6.8,10.4
20190605,24.8,51,0.25,7.2,6.7
20190606,21.3,81,0.25,5.8,8.5
20190607,24.7,69,0,5.8,9.4
20190608,28,29,0,,16.1
20190609,25.2,43,0,10.5,10.6
20190610,25.8,47,0,7.2,9.3
20190611,25.6,56,0,,8.9
20190612,27.7,49,,9.7,12.6
20190613,26.1,59,0.25,9.7,8.3
20190614,28.3,33,0,,8.9
20190615,26.1,43,,11.3,11.3
20190616,19.5,79,5.08,9.2,8.3
20190617,22.5,69,2.03,6.4,6.9
20190618,26.6,62,0,8.2,6.7
20190619,26.6,65,0,6.8,7.8
20190620,28.5,53,0,7.9,7.8
20190621,25.5,53,0,,9.1
20190622,29.9,36,0,,8.9
20190623,28.6,47,0,,9.6
20190624,30.9,38,0,,12.8
20190625,29.4,50,0,,13.5
20190626,27.3,56,0,9.7,10.4
20190627,28.9,52,0.51,9,10
20190628,27.3,56,0,10.5,10.7
20190629,29.6,31,0,9.8,23.7
20190630,26.6,37,0,10.8,12.6
20190701,29.8,29,0,10.8,11.5
20190702,25,66,0,10.8,8
20190703,30.6,37,0,10.1,9.8
20190704,32.3,38,0.51,10,10.4
20190705,23.4,79,13.72,8.9,9.6
20190706,22.9,69,4.57,10.8,13.5
20190707,23.4,73,1.78,10.6,9.3
20190708,26.9,59,0.51,10.3,7
20190709,23.8,76,0.25,8.9,4.6
20190710,25.2,64,0,9,8.1
20190711,26.2,58,0,9.8,7.6
20190712,29.1,54,0,9.5,8.5
20190713,27.9,63,,8.5,10.2
20190714,27.8,59,0,9.8,8.5
20190715,29.1,62,0,8.5,9.3
20190716,27.3,67,2.79,9,8.3
20190717,24.9,83,3.81,7.1,5.4
20190718,28.1,71,3.3,6.1,6.7
20190719,28.1,71,0,8.7,7.6
20190720,26.9,82,0,5.6,5.2
20190721,32.1,59,0,8.5,7.8
20190722,27.8,84,20.57,3.5,7
20190723,30.6,64,0,9.2,8.5
20190724,31.4,63,0,9.3,7
20190725,29.4,60,0,10.3,9.1
20190726,30.6,69,0,8.7,7.6
20190727,31.6,66,0,8,10.9
20190728,29.1,78,29.21,6.9,10.2
20190729,24.9,89,12.7,9.2,8.7
20190730,27.4,72,11.43,9.5,8.3
20190731,30.6,56,0,10.3,9.1
20190801,29.2,66,2.29,10,8.9
20190802,24.6,84,2.29,9.7,5.9
20190803,27.3,72,0.25,9,6.5
20190804,27.1,79,10.16,7.2,5.6
20190805,25.5,88,5.84,7.6,4.3
20190806,27.3,79,14.99,8.2,8.7
20190807,26.2,81,0.25,9.2,4.6
20190808,28.8,74,0,8.4,8
20190809,25.9,85,14.48,8.2,11.1
20190810,25,88,1.78,9.7,5.2
20190811,24.6,80,4.57,10.3,10
20190812,25.2,66,2.54,10.8,15.4
20190813,26.9,66,3.05,10.8,10.6
20190814,25.8,65,0,10.8,7.2
20190815,26.6,60,0,10.6,11.5
20190816,26.3,39,0,10.8,21.5
20190817,25,44,0,10.8,16.1
20190818,25.6,56,0,10.8,6.7
20190819,27.6,61,,9.2,10.2
20190820,20.8,92,4.06,6.8,7.2
20190821,25.8,51,3.05,9.8,11.5
20190822,23.2,57,0,10.5,10.2
20190823,24.6,60,0,10.6,6.7
20190824,25.9,53,0,10.3,8.5
20190825,25.6,58,0,9,9.6
20190826,22.8,82,,4,4.8
20190827,27.9,32,0,9.5,13.3
20190828,26.1,32,0,10.8,22.4
20190829,25.3,38,0,10.8,13.9
20190830,25.7,41,0,10.8,10
20190831,25.7,44,0,10.8,8.5
,,,,,
,,,,,
,,,,,
,,,,,
,,,,,
,,,,,
