ÀÏ½Ã,Æò±Õ±â¿Â(¡ÆC),ÀÏ°­¼ö·®(mm),Æò±Õ Ç³¼Ó(m/s),ÃÖ´ÙÇ³Çâ(16¹æÀ§),Æò±Õ »ó´ë½Àµµ(%)
2014-05-16,19,,2.9,270,50.3
2014-05-17,20,,2.3,290,48
2014-05-18,20.3,,2.4,250,50.1
2014-05-19,20,,2.3,270,55.1
2014-05-20,21.5,,2.2,270,45.4
2014-05-21,20.1,,3.7,270,65.3
2014-05-22,20.9,,2.5,270,63.4
2014-05-23,22,,2.9,230,68.4
2014-05-24,21.3,,2.3,270,68.8
2014-05-25,20.5,21,2.4,160,78.9
2014-05-26,19.4,1.5,4,250,67.4
2014-05-27,22.8,,4.2,230,49.5
2014-05-28,24,,2.5,270,60.8
2014-05-29,23.2,,2.8,250,54.6
2014-05-30,24.8,,2.1,290,42.5
2014-05-31,26.2,,2.6,250,50.3
2014-06-01,24.7,,1.9,270,58.1
2014-06-02,22.6,2,2.2,70,73.5
2014-06-03,18.7,33,3.5,70,95.3
2014-06-04,22.8,,4.3,70,61.5
2014-06-05,22.9,,2.9,70,58.8
2014-06-06,24.4,,2.4,50,58.9
2014-06-07,23.5,,2.4,270,65.1
2014-06-08,21.4,,3,250,75.3
2014-06-09,22.9,,2.3,290,70.8
2014-06-10,23.6,5.5,2.1,70,72
2014-06-11,20.5,19,1.9,20,87.1
2014-06-12,21.2,0.1,2.8,50,73.9
2014-06-13,21.3,0,2.9,230,79
2014-06-14,22.5,,3.3,270,71.6
2014-06-15,23.2,,3.3,270,69.9
2014-06-16,23.9,,2.5,270,66.4
2014-06-17,24.5,3.5,1.9,250,71.8
2014-06-18,24.4,0.1,3,270,71.3
2014-06-19,22.5,0,3.5,250,79.3
2014-06-20,24.2,1.5,1.6,290,76.5
2014-06-21,23.1,8.5,2.7,70,80.9
2014-06-22,23.7,0.4,1.8,50,74.4
2014-06-23,21,24.5,1.4,50,91.4
2014-06-24,22.9,,2.4,250,74.6
2014-06-25,23.8,,2.3,270,74.1
2014-06-26,24.4,,2.4,270,68
2014-06-27,24.1,,2.8,270,74.8
2014-06-28,23.8,0,3.8,270,71.6
2014-06-29,24.1,,2.1,200,70.3
2014-06-30,25.3,,2.7,270,68
2014-07-01,26,,2.1,270,67.8
2014-07-02,25.7,20.5,2.5,290,77.3
2014-07-03,22.6,2,2.8,50,85.5
2014-07-04,26.8,,2.4,70,62.1
2014-07-05,25.7,,2.1,270,70.4
2014-07-06,25.7,,2.1,140,65.8
2014-07-07,27.1,,2.3,270,61.4
2014-07-08,25.9,0.2,1.9,270,73
2014-07-09,27.6,0.5,2.2,70,78.3
2014-07-10,28.9,,2.9,290,57.9
2014-07-11,27.1,,4,250,63.4
2014-07-12,25.3,,3.2,230,74.3
2014-07-13,25.4,,3.3,250,73.4
2014-07-14,26.4,,3.3,250,70.8
2014-07-15,26.8,,2.4,230,69.4
2014-07-16,26.6,,2.7,270,68.4
2014-07-17,25.9,0.2,3.1,250,75.9
2014-07-18,26.1,1.5,2.6,230,80.5
2014-07-19,27,,2.4,270,79.8
2014-07-20,27.9,,2.6,270,75.8
2014-07-21,27.3,,3,230,73.9
2014-07-22,25.9,16.5,4.4,230,83.9
2014-07-23,23.6,55,3.2,230,90
2014-07-24,21.9,48,2,70,92.8
2014-07-25,27.5,59.5,2.9,160,81.9
2014-07-26,22.6,2.5,6.4,230,86.1
2014-07-27,25,,1.9,200,75
2014-07-28,26.6,,1.9,50,71.6
2014-07-29,26.5,,2.5,180,68.4
2014-07-30,28.6,,2.2,230,70.6
2014-07-31,28.6,1.5,2.1,50,75.9
2014-08-01,30.2,,2.6,70,63.4
2014-08-02,31.4,0,3.9,70,55
2014-08-03,26.5,13,4.2,70,87.6
2014-08-04,26.4,6.5,2.1,50,93
2014-08-05,26.6,0,3.2,230,87.5
2014-08-06,24.4,10.5,2.2,270,92.4
2014-08-07,24.7,0.2,1.5,270,91.1
2014-08-08,26.1,,3.8,70,62.3
2014-08-09,26.5,,4.6,70,48.4
2014-08-10,23.4,42.5,2.6,50,79.4
2014-08-11,23.7,,2.2,270,78.4
2014-08-12,25.8,,2.7,270,77.8
2014-08-13,24.2,0,2.1,50,75.3
2014-08-14,22.3,0.5,2,50,78.6
2014-08-15,24.9,,1.7,270,72.9
2014-08-16,26.1,,1.8,290,73.9
2014-08-17,24,3,1.9,50,81.1
2014-08-18,22.3,11.5,3.1,70,90
2014-08-19,22.3,4.5,1.5,70,96.6
2014-08-20,24.8,0.5,1.1,20,86
2014-08-21,23.1,46.5,2.4,50,96.5
2014-08-22,24.7,15,3.1,250,83.4
2014-08-23,25.2,0.5,2.7,230,79.5
2014-08-24,25.6,0.1,1.3,50,75.5
2014-08-25,25.9,0,3,70,71.8
2014-08-26,25.4,11.5,2.5,70,71.4
2014-08-27,24.6,,2.8,70,66.8
2014-08-28,25.1,,2.2,50,65.3
2014-08-29,25.2,6.5,1.8,50,71.9
2014-08-30,24.6,,1.9,70,71.6
2014-08-31,24.1,,1.4,50,68.6
2014-09-01,24.1,1.5,1.5,50,72.5
2014-09-02,23.1,6,2.5,70,73.6
2014-09-03,19.1,57.5,3.4,70,99.8
2014-09-04,22.4,,2.5,270,79.4
2014-09-05,23.8,,2.1,250,76
2014-09-06,25.2,,1.8,290,66.9
2014-09-07,25.3,,1.6,50,72.1
2014-09-08,24.8,,2.5,270,75
2014-09-09,23.3,,2.1,270,66.5
2014-09-10,22.4,,1.5,270,60.6
2014-09-11,23.3,,1.8,70,61.1
2014-09-12,21.3,0.1,2.1,50,74.9
2014-09-13,23.1,,2.3,70,60.9
2014-09-14,23,,2.3,70,60.6
2014-09-15,23.1,,2.2,270,64.9
2014-09-16,21.3,,2.1,290,43.8
2014-09-17,20.2,,1.5,270,52.3
2014-09-18,20.6,,2,70,56.5
2014-09-19,21.4,,1.7,50,55
2014-09-20,21.6,,2,70,52.5
2014-09-21,20.2,0,1.4,50,61.6
2014-09-22,21.4,,2,50,57.5
2014-09-23,23,,2.5,70,52.1
2014-09-24,20.3,6.5,2.6,50,77.9
2014-09-25,22.2,,1.7,70,66.9
2014-09-26,21,0,2.6,70,78.1
2014-09-27,21.4,,2.6,270,79
2014-09-28,21.7,0.5,1.1,50,85.5
2014-09-29,19.4,16,1.3,20,99
2014-09-30,18.9,,3.1,70,72.5
2014-10-01,19.2,,2.6,70,68.6
2014-10-02,18.1,9,2.2,270,89
2014-10-03,16.1,,2.9,270,74.3
2014-10-04,16.9,,3.4,70,62
2014-10-05,17.1,,3.1,70,53.1
2014-10-06,16.6,,1.7,70,57
2014-10-07,16.1,,2.4,50,64.8
2014-10-08,16.7,,1.5,50,61.5
2014-10-09,18.6,,2,320,60.4
2014-10-10,19,,3.6,70,63.3
2014-10-11,19.4,,3.1,70,57.4
2014-10-12,21.2,,1.9,70,48.5
2014-10-13,17.4,,4.7,70,51.9
2014-10-14,13.8,,2.2,50,51.8
2014-10-15,13.8,,2.4,50,60.4
2014-10-16,13.2,2.5,3.1,270,53.8
2014-10-17,13.6,,1.9,20,53.8
2014-10-18,15.5,,1.7,50,68.9
2014-10-19,17,,1.7,50,61
2014-10-20,14.4,21.5,2.6,70,97.8
2014-10-21,13.8,18.5,3.4,70,92.8
2014-10-22,13.6,,3,50,69
2014-10-23,13.8,,2.1,70,67.8
2014-10-24,15.1,,1.8,50,78
2014-10-25,16.5,,1.9,50,81.1
2014-10-26,16,0.5,2.8,230,76.9
2014-10-27,10.7,,3,270,35.3
2014-10-28,10.2,,1.4,270,43.4
2014-10-29,12.1,,1.7,50,46.4
2014-10-30,14.2,,1.5,50,45.8
2014-10-31,15,0.2,2.4,70,62.1
2014-11-01,17.3,,2.2,270,63.4
2014-11-02,12,2.5,4.8,270,50.5
2014-11-03,9.3,,3.1,270,40.9
2014-11-04,11.3,,1.9,270,60.5
2014-11-05,12.4,,1.9,270,65.6
2014-11-06,13.5,0.5,2.1,290,61
2014-11-07,9.8,,1.9,270,52.5
2014-11-08,9.9,,1.4,20,61.9
2014-11-09,10,,2.3,290,46.3
2014-11-10,9.4,,1.7,50,49.9
2014-11-11,9.4,2,1.9,50,67.4
2014-11-12,6,5,5.4,270,50.6
2014-11-13,-0.2,,3.7,290,38.5
2014-11-14,4.2,0,2.2,20,54
2014-11-15,4.1,,2.1,290,38.3
2014-11-16,6.6,1,1.6,20,42.6
2014-11-17,6.2,1.5,2.3,320,75.5
2014-11-18,5,,2.2,290,53.4
2014-11-19,5.6,,1.6,50,55.4
2014-11-20,7.9,,1.8,50,61.9
2014-11-21,11.3,,2.8,50,62.5
2014-11-22,11,4,1.9,200,90.9
2014-11-23,9,,2,50,80
2014-11-24,9.8,,1.3,50,59.8
2014-11-25,10.2,,4.2,70,56
2014-11-26,11,,2.8,70,58.8
2014-11-27,10.4,,1.9,50,69.9
2014-11-28,8.8,18,3.7,70,88
2014-11-29,8.3,,2.1,70,83.9
2014-11-30,9.1,7,3.2,70,88.1
2014-12-01,-1.1,0.5,6.1,290,58.8
2014-12-02,-5.4,0,4.6,270,42.3
2014-12-03,-3.3,0.9,1.9,270,70.6
2014-12-04,-4.6,0,2.7,290,43
2014-12-05,-6.6,,3.6,290,45.5
2014-12-06,-5.6,,2.8,290,47.5
2014-12-07,-3.4,,1.6,50,43.9
2014-12-08,-1.6,,2.6,290,48.4
2014-12-09,-2.4,,1.5,290,44.1
2014-12-10,1.6,2,1.9,200,58.8
2014-12-11,-1.5,0.5,3.4,290,64.8
2014-12-12,-3.8,0.1,2,270,70.4
2014-12-13,-5.2,,3.2,290,45.8
2014-12-14,-3.6,0,1.5,50,60.5
2014-12-15,-0.1,10.5,2.8,70,90.6
2014-12-16,-4.9,0,4.9,290,58.9
2014-12-17,-9,,4.9,290,41
2014-12-18,-8.3,,2.3,270,39.9
2014-12-19,-3.8,0.9,3.4,70,54.5
2014-12-20,-1.7,2,3.8,290,66
2014-12-21,-6.4,0,2.2,290,58.5
2014-12-22,-4.7,0.3,2.2,50,64.6
2014-12-23,-1.3,,2.6,50,67.1
2014-12-24,1.7,0.2,2.8,20,66.8
2014-12-25,-2.6,,2.5,270,52
2014-12-26,-3.2,,1.9,270,45.6
2014-12-27,-1.8,,1.7,20,46.8
2014-12-28,-0.8,,2.2,50,64.1
2014-12-29,2.9,,2.3,50,73.1
2014-12-30,1.9,,2.6,270,62.8
2014-12-31,-1.9,0,3.8,290,47.4
2015-01-01,-7.7,,4.6,290,41.4
2015-01-02,-6,,3.2,270,45.9
2015-01-03,-2.7,,1.9,230,56.1
2015-01-04,2.5,0,2,50,70.1
2015-01-05,3.7,0.4,2.4,70,73.1
2015-01-06,-3.2,3,4.3,290,52.4
2015-01-07,-5.5,,2.5,270,33.1
2015-01-08,-5.1,,2.2,270,45.8
2015-01-09,-2.1,,2,270,58.3
2015-01-10,-0.3,,2.3,270,56.5
2015-01-11,-0.4,,3.6,290,57.8
2015-01-12,-2.7,,1.8,270,37.8
2015-01-13,0.2,,1.8,50,39.6
2015-01-14,2.5,,1.5,20,41.1
2015-01-15,2.8,,2.1,270,53.6
2015-01-16,0.8,0.3,4,250,73
2015-01-17,-4.1,,3.8,270,46
2015-01-18,-1.3,4,2.3,50,68.4
2015-01-19,-0.1,0.1,3.2,270,68.1
2015-01-20,-0.9,,1.9,50,55.8
2015-01-21,2.6,,2,70,58.3
2015-01-22,3.1,,1.5,270,60.6
2015-01-23,1.2,,2.6,50,66.4
2015-01-24,3.7,,1.8,290,62.9
2015-01-25,3,3,3.5,70,78.4
2015-01-26,3.6,0.5,2.6,270,87.5
2015-01-27,-3.6,,3.7,290,55.4
2015-01-28,-4.1,,2.3,70,49.3
2015-01-29,-1.1,,2.3,70,56.4
2015-01-30,-3.3,,3.8,290,51.8
2015-01-31,-4.5,,2.6,270,46.4
2015-02-01,-3,,1.9,290,44.9
2015-02-02,-0.6,,1.5,20,47.3
2015-02-03,0.6,,2.1,20,54.5
2015-02-04,0.4,,2,270,64.5
2015-02-05,-0.1,,3,270,57.1
2015-02-06,0.4,,2.2,290,57.3
2015-02-07,1.2,,2.6,250,65.3
2015-02-08,-9.8,,5.3,290,34.1
2015-02-09,-5.7,0.2,3.1,270,54.6
2015-02-10,1.7,,2.8,250,69
2015-02-11,2.7,,2.5,270,60.3
2015-02-12,-2.2,,4.2,270,36.8
2015-02-13,-1.6,,3.1,270,46.4
2015-02-14,2,,2.2,20,72.9
2015-02-15,7.9,,2.9,70,61.6
2015-02-16,5,10.5,3.5,70,91.9
2015-02-17,1.9,0.5,3.5,290,78.5
2015-02-18,0.8,0,2.5,270,72
2015-02-19,2.2,,1.6,290,67.1
2015-02-20,5.2,,2,50,55.3
2015-02-21,5.7,8,3.4,70,79
2015-02-22,3.5,2.5,4.1,270,78
2015-02-23,0.9,,3,270,60.4
2015-02-24,2.1,,2.3,270,60
2015-02-25,5.4,0.5,2.9,50,48.6
2015-02-26,1.2,0.5,4.9,270,56.9
2015-02-27,-1.3,,3.2,270,35.6
2015-02-28,2.7,,2,70,40.5
2015-03-01,2.4,0,3.7,270,56.8
2015-03-02,3.9,,2.8,230,43.5
2015-03-03,2.8,5.5,3.4,200,69.5
2015-03-04,-2.1,,5.3,270,43.4
2015-03-05,-0.3,,1.9,290,41.1
2015-03-06,2.9,,2.3,270,37.8
2015-03-07,4.2,,2.3,270,45.5
2015-03-08,7.7,,1.8,50,42.5
2015-03-09,2.2,,5.4,290,43.4
2015-03-10,-3.4,,5.9,290,30.6
2015-03-11,0.4,,4.5,250,45.1
2015-03-12,2.1,,4,250,41
2015-03-13,5.6,0.1,3,270,45.4
2015-03-14,4.3,,2.3,250,31.4
2015-03-15,5.5,,2.2,270,42
2015-03-16,9.8,,2,270,44.4
2015-03-17,10.7,0,1.8,50,51.9
2015-03-18,10.7,1.5,4,70,61.5
2015-03-19,12.4,,2.5,70,50.9
2015-03-20,13.4,,2.5,270,32.5
2015-03-21,11.7,,2.7,250,31
2015-03-22,8.3,,4.2,270,33.3
2015-03-23,4.6,,4.2,290,24.3
2015-03-24,5.4,,2.6,250,32.8
2015-03-25,6.5,,2.5,270,45.9
2015-03-26,7.9,,3.1,270,47.5
2015-03-27,9.1,,2.6,270,50.5
2015-03-28,9.7,,2.8,270,35
2015-03-29,10.5,,2.5,270,61.9
2015-03-30,13.2,,2.6,270,57.4
2015-03-31,12.9,2.5,2.2,70,80.6
2015-04-01,12.9,2.5,4.1,70,67.9
2015-04-02,14.8,28,5,70,70.5
2015-04-03,10.6,3.5,2.8,270,83.4
2015-04-04,13.5,0,4.3,70,48
2015-04-05,10.5,0.5,2.5,70,75.1
2015-04-06,10.3,,2.7,290,55.8
2015-04-07,8.4,0,2.6,50,59.5
2015-04-08,8.3,,2.9,70,52.5
2015-04-09,9.6,,2.3,50,43
2015-04-10,11.6,,2.8,270,40.5
2015-04-11,13.5,,2.5,270,39.3
2015-04-12,14.9,,2.9,70,30.6
2015-04-13,12,6.5,5.9,70,53.9
2015-04-14,6.9,10.5,2.7,50,89.9
2015-04-15,11.1,1,2.9,250,72
2015-04-16,9.9,7,3.6,250,69.5
2015-04-17,10.5,,3.7,230,45.4
2015-04-18,15.2,0,1.9,70,31.9
2015-04-19,14.5,12,3.7,70,74.8
2015-04-20,12.2,5.5,3.2,50,75.3
2015-04-21,14,,2.9,270,46
2015-04-22,14.2,0,3,270,47
2015-04-23,14.5,,3.5,230,41.1
2015-04-24,15.7,,3.2,270,38.3
2015-04-25,15.9,,2.7,270,31.3
2015-04-26,17.3,,3.3,50,37.6
2015-04-27,18.5,,2.8,250,39.3
2015-04-28,20.3,0,2.1,70,38.6
2015-04-29,17,3.5,2.9,70,77
2015-04-30,21.2,,2.2,70,56.6
2015-05-01,21,,2.5,270,58.8
2015-05-02,20.7,0.5,2.1,250,64.4
2015-05-03,18.3,3.5,2.1,50,90.4
2015-05-04,16.1,,4.2,270,45.9
2015-05-05,14.2,,3.4,250,37.9
2015-05-06,15.4,,2.4,230,36.3
2015-05-07,16.5,,2.6,50,35.6
2015-05-08,16.7,,2.5,250,64.3
2015-05-09,17.6,,3,270,55
2015-05-10,19.1,,2.3,270,39.6
2015-05-11,18.4,14,3,90,62.1
2015-05-12,13.3,9.5,6.4,230,75.9
2015-05-13,17.4,0,5.3,230,56.9
2015-05-14,20.4,,3.3,230,63.8
2015-05-15,19.1,,2.7,270,71
2015-05-16,18,,3,250,41.3
2015-05-17,18.6,,2.2,290,40.4
2015-05-18,17.7,,3.2,50,53.9
2015-05-19,14.8,1,3.6,230,88.9
2015-05-20,16.3,,3.1,270,60
2015-05-21,18.7,,3.7,230,50.1
2015-05-22,20,,2.9,270,45.3
2015-05-23,20.6,,2.5,250,38.5
2015-05-24,21,,2.4,270,37.3
2015-05-25,20.8,,2.7,250,53.1
2015-05-26,21.5,,2.7,270,48.9
2015-05-27,23.2,,2,270,32.9
2015-05-28,24.3,,2.2,270,27.1
2015-05-29,23.8,,2.5,270,36.8
2015-05-30,19.8,0.4,2.9,270,71
2015-05-31,22.1,,2.2,250,52.8
2015-06-01,21.7,,2.6,270,44.6
2015-06-02,23.1,,2.7,270,46.9
2015-06-03,23.3,,3.8,290,33.3
2015-06-04,24.2,,2.6,270,28.9
2015-06-05,19.1,1,1.7,160,58.8
2015-06-06,22.4,,2.3,50,50.4
2015-06-07,23.4,,2.3,270,46.8
2015-06-08,22.4,,2.3,270,54.9
2015-06-09,22.2,,2.9,270,66.3
2015-06-10,25.3,,2.2,290,54.3
2015-06-11,24.6,7.5,2.8,160,59.6
2015-06-12,23.6,0.5,3.8,230,63.1
2015-06-13,24.7,0.5,3.2,230,61.9
2015-06-14,22.8,15.5,2.7,290,70.3
2015-06-15,24.2,,2.2,290,65.6
2015-06-16,25,,2.4,250,65.9
2015-06-17,23.4,9.5,2.6,50,72.8
2015-06-18,24.8,3,2.7,70,59.4
2015-06-19,24.5,,2.9,70,57.8
2015-06-20,19.6,44.5,1.8,50,91
2015-06-21,22.4,,2,250,69.1
2015-06-22,24,,2.4,270,60.4
2015-06-23,24.7,,2.3,270,64.1
2015-06-24,25.7,,2.5,270,58.3
2015-06-25,24.8,2,2.1,50,65.1
2015-06-26,21,12.5,3.3,50,75.8
2015-06-27,25.2,,2.2,50,55.3
2015-06-28,25.4,,2.6,270,61.8
2015-06-29,25.7,0,2.8,270,61.8
2015-06-30,24.4,2.5,1.7,270,70
2015-07-01,23.7,0.5,3.8,250,66.3
2015-07-02,23.7,,4,230,64.5
2015-07-03,23.3,,3,270,62.6
2015-07-04,24.1,,2.2,50,55.8
2015-07-05,24.2,,2.3,270,57.4
2015-07-06,25.3,,2.2,270,54.3
2015-07-07,25.6,,2,50,52.1
2015-07-08,23.4,0.5,4,70,69.8
2015-07-09,26.5,,2.9,70,61.3
2015-07-10,29.2,,1.9,70,60.9
2015-07-11,30.4,0,2.1,50,60.3
2015-07-12,24.8,29,4,70,94.1
2015-07-13,23.1,10,5.2,230,90.8
2015-07-14,26.1,,3.5,230,72.4
2015-07-15,27.9,,2.9,70,58.8
2015-07-16,24.7,,5,70,51.3
2015-07-17,23.6,,3.6,70,49.8
2015-07-18,24.3,0.5,2.2,70,63.5
2015-07-19,25.1,5,1.8,50,77.4
2015-07-20,27.5,,2.4,70,71.4
2015-07-21,27,11,1.6,270,81.6
2015-07-22,27.7,1,1.8,270,76.9
2015-07-23,26.9,16,2.1,230,81
2015-07-24,24.7,26.5,2,230,96.9
2015-07-25,25,80,3.2,230,95.1
2015-07-26,26,40.5,2.6,230,85.5
2015-07-27,26.2,1.5,2.3,290,86
2015-07-28,27.7,0,2.7,250,74.4
2015-07-29,26.7,4,2.6,200,82.9
2015-07-30,28.6,,3.5,230,76.4
2015-07-31,27.9,,2.7,200,74.3
2015-08-01,28.2,,3.1,230,72.8
2015-08-02,26.5,16.5,2.7,230,84.3
2015-08-03,27.9,0,3.8,200,71.5
2015-08-04,27.5,,4.5,230,73.3
2015-08-05,28.6,0.1,3.7,230,67
2015-08-06,29.3,,2,270,64.5
2015-08-07,28.9,11,1.4,50,71.3
2015-08-08,26.6,7.5,2.1,50,79.1
2015-08-09,26.7,,2.1,20,74.4
2015-08-10,27,,2.3,270,72.1
2015-08-11,26.8,,2.1,270,73.6
2015-08-12,27.3,,2,20,67.5
2015-08-13,26.5,0,1.9,50,68.6
2015-08-14,26.9,,2.4,290,66.4
2015-08-15,27.1,0.1,1.9,50,70.4
2015-08-16,25.8,29,2,50,74.9
2015-08-17,26.6,,2.2,50,61.5
2015-08-18,27.9,,2.5,70,59.9
2015-08-19,26.8,0,1.8,50,70.3
2015-08-20,25.4,0.4,1.7,50,75.5
2015-08-21,25.2,2.5,2,270,78.3
2015-08-22,25.5,0,2.5,230,69.8
2015-08-23,26.3,,1.7,50,65.5
2015-08-24,26.3,,3.8,70,60.6
2015-08-25,21.7,5.5,3.2,50,76.4
2015-08-26,21.9,0,2.9,320,68.4
2015-08-27,24.7,0,3.1,250,61.1
2015-08-28,23.2,0.3,1.7,50,69.4
2015-08-29,24.4,,1.7,270,65.8
2015-08-30,24.9,0,1.6,20,65.9
2015-08-31,25.9,,1.9,70,62.9
2015-09-01,25.9,,3.4,70,59.4
2015-09-02,23.9,0.5,2.1,70,72.8
2015-09-03,23.9,18,2.3,270,75.1
2015-09-04,24.8,,2.2,270,68.5
2015-09-05,21.9,5,2.1,70,79.8
2015-09-06,22.2,,3.7,70,60.4
2015-09-07,22.6,,2.4,70,52.9
2015-09-08,22.7,,3.2,70,43.6
2015-09-09,22.4,,2.9,50,42.9
2015-09-10,22.4,,2.4,270,62.3
2015-09-11,21,2.5,2.1,270,76.4
2015-09-12,19.2,,1.9,270,60.4
2015-09-13,20.2,,2.6,290,54.1
2015-09-14,22.1,,1.6,50,61.1
2015-09-15,22.8,,2.2,50,48.5
2015-09-16,21.6,,2.5,70,45.5
2015-09-17,21.4,,3.1,70,46.4
2015-09-18,21.9,,2.4,70,52.1
2015-09-19,22.3,,2.4,270,58.3
2015-09-20,22.1,,2,290,69
2015-09-21,22.6,,1.5,20,62.1
2015-09-22,23.9,,1.8,70,48.4
2015-09-23,22,,1.7,50,57.9
2015-09-24,23.4,,1.9,20,56.4
2015-09-25,23.4,,2.5,70,56.5
2015-09-26,22.4,,1.8,270,54.5
2015-09-27,21.9,,1.9,50,39.4
2015-09-28,21.4,0,1.6,90,39.6
2015-09-29,22.1,,2.3,70,36.6
2015-09-30,21.3,,2.6,90,45.3
2015-10-01,16.3,35,3.6,70,77.5
2015-10-02,16.5,,3.7,230,53.5
2015-10-03,19.2,,3.8,230,49.4
2015-10-04,16.6,,1.8,50,38.9
2015-10-05,18,,1.9,20,49.4
2015-10-06,18.7,,1.9,20,57.5
2015-10-07,19.6,,1.4,290,67.5
2015-10-08,20.1,,2.3,270,61.1
2015-10-09,16.2,,3.7,270,43.8
2015-10-10,12.8,3.5,2.2,70,70.9
2015-10-11,10.8,3.5,2.4,230,72.6
2015-10-12,12.3,,2.7,290,56.5
2015-10-13,15,,2.5,250,66.4
2015-10-14,17.1,,1.6,290,64.6
2015-10-15,17.9,,1.8,50,62.1
2015-10-16,17.5,,1.8,270,71
2015-10-17,18.7,,1.7,50,64.8
2015-10-18,17.9,,1.3,270,65.1
2015-10-19,18.1,,2,70,67.4
2015-10-20,18.8,,1.6,270,69.5
2015-10-21,17.9,,1.6,270,72.5
2015-10-22,17.5,,2.2,70,64.8
2015-10-23,17.5,,2.4,230,69.1
2015-10-24,16.9,10.5,2.5,320,64.4
2015-10-25,16.3,,2.1,70,51
2015-10-26,15,2,2.4,70,66.8
2015-10-27,12.1,26.5,3.2,290,69.3
2015-10-28,9.9,,2.5,270,49
2015-10-29,8.4,0.5,2.4,250,50.4
2015-10-30,5.4,,2.6,290,41.8
2015-10-31,5.7,,2.1,290,42.5
2015-11-01,7,,1.6,50,48.4
2015-11-02,10.8,,1.6,250,60.5
2015-11-03,11.8,,1.4,290,67.6
2015-11-04,12.2,,1.6,270,62
2015-11-05,13.2,,1.7,20,63.9
2015-11-06,13.5,4.5,4.7,70,63.9
2015-11-07,10.5,24.5,6,70,91.5
2015-11-08,11.1,10.5,5.2,70,90.6
2015-11-09,10.8,3.5,2.1,290,87.6
2015-11-10,10,,1.8,270,80
2015-11-11,11.6,,1.6,70,72.4
2015-11-12,14.5,,2.8,70,63.5
2015-11-13,11.5,22.5,4,70,83.8
2015-11-14,12.8,3.5,1.4,70,97.3
2015-11-15,13.4,,1.8,270,84.5
2015-11-16,12.2,5.5,2.8,70,85.1
2015-11-17,13.9,,1.8,290,69.6
2015-11-18,10.4,5.5,5.1,70,70.6
2015-11-19,8.9,,2.6,70,72.8
2015-11-20,9.8,,1.5,320,72.6
2015-11-21,9.2,,1.8,290,55.9
2015-11-22,10.2,3.5,2.4,70,66.5
2015-11-23,8.5,6.5,3.3,70,80.9
2015-11-24,5.6,0.5,3.1,70,69.5
2015-11-25,2.4,11,2.7,70,86.8
2015-11-26,-2.7,0,3.7,290,63.8
2015-11-27,-2.8,,2.6,290,59.1
2015-11-28,0.1,0.1,2.1,50,70.8
2015-11-29,2.5,3,3.3,70,87.9
2015-11-30,4.1,,2,290,69.1
2015-12-01,4,,1.9,50,57.8
2015-12-02,6,13.5,3.2,270,71.4
2015-12-03,-0.7,7.1,4.1,270,79.3
2015-12-04,-0.4,,2.8,270,63.9
2015-12-05,3.4,,3.1,250,51.4
2015-12-06,1.3,,1.2,290,46.4
2015-12-07,1.9,,1.8,290,51.1
2015-12-08,2.9,,1.3,290,55.9
2015-12-09,5,,2.3,110,57.4
2015-12-10,7.8,0.3,2.3,110,74.8
2015-12-11,6.4,,3.4,70,56.5
2015-12-12,5.2,,2.6,20,50.1
2015-12-13,5.2,,1.4,20,50.5
2015-12-14,5,2.5,2.2,20,75.6
2015-12-15,4.7,0.1,2.8,270,69.8
2015-12-16,-1,,3.9,20,50.9
2015-12-17,-4.6,,2.7,50,43.4
2015-12-18,-3.3,0,2.2,110,61.9
2015-12-19,-0.1,,1.7,140,66.3
2015-12-20,1.5,,1.5,90,56.9
2015-12-21,2.2,2,2.5,110,76
2015-12-22,3.1,,2.4,110,67.9
2015-12-23,5.9,0.4,2.1,160,59.6
2015-12-24,1.5,,2.3,270,67.5
2015-12-25,-0.8,0,2,270,46.3
2015-12-26,0.9,0.7,2.4,70,73.3
2015-12-27,-5.7,,2.9,360,39
2015-12-28,-5.7,,2.3,70,38.4
2015-12-29,-3.2,,1.4,70,47.6
2015-12-30,0.3,2.5,2.5,160,67.6
2015-12-31,0.7,,1.5,50,81.3
2016-01-01,1.2,,1.6,90,73
2016-01-02,5.7,,2,320,76.9
2016-01-03,6.5,,1.8,320,80.6
2016-01-04,2,,3.1,320,54.4
2016-01-05,-2.7,,2.3,20,39.4
2016-01-06,-1.7,,1.8,320,54.3
2016-01-07,-3.4,,2.5,20,51.8
2016-01-08,-3.3,,2,290,49.8
2016-01-09,-2.1,,2.1,360,57.1
2016-01-10,0.3,,2.6,50,42.3
2016-01-11,-3.8,,2.8,50,38.3
2016-01-12,-5.2,,2.5,50,46
2016-01-13,-4.5,0.4,2,50,63
2016-01-14,-3.4,0,1.7,230,52.1
2016-01-15,-0.4,,1.8,160,52.3
2016-01-16,-0.2,0.1,2.9,90,68
2016-01-17,1.7,,2.4,90,64
2016-01-18,-6.3,0.2,4.8,340,59.8
2016-01-19,-12.8,,5.4,340,45.9
2016-01-20,-10.5,,1.8,50,43.6
2016-01-21,-7.1,,1.8,320,44.3
2016-01-22,-7.6,,2.6,320,40.5
2016-01-23,-11.5,0,4,340,42
2016-01-24,-14.4,,3.2,340,48.5
2016-01-25,-9.4,,1.9,320,47.1
2016-01-26,-3.3,0.3,2.3,90,64.5
2016-01-27,-1.1,,2,340,56.3
2016-01-28,-0.5,,1.6,110,51.5
2016-01-29,1.9,,2.3,90,43.6
2016-01-30,0.6,,2,320,59.5
2016-01-31,-3.9,,3.2,320,34
2016-02-01,-6,,3,320,36
2016-02-02,-5.3,,2.2,340,41.8
2016-02-03,-2.4,,1.9,70,49.6
2016-02-04,-0.7,,2.4,320,50.1
2016-02-05,-2.2,,2.5,320,39.4
2016-02-06,-3.1,,2.9,320,38.6
2016-02-07,-2.9,,2,320,46.5
2016-02-08,1.3,,3.1,270,62.1
2016-02-09,0.3,,3,320,52.5
2016-02-10,2.7,,1.6,90,38.5
2016-02-11,8.1,0.1,3.5,110,29.3
2016-02-12,8.4,18,3.2,110,95.3
2016-02-13,11,21,3.3,140,95
2016-02-14,-2.6,2.5,4.6,320,73.1
2016-02-15,-5.8,0,4,340,48.4
2016-02-16,-2.7,0.8,2.7,320,65.6
2016-02-17,0,,2.3,320,53.9
2016-02-18,3.5,,3.2,270,66.4
2016-02-19,2.3,,1.7,290,56.4
2016-02-20,1.3,,2.9,340,37.1
2016-02-21,-0.6,,2.9,320,36.4
2016-02-22,1.1,0,1.9,270,36.6
2016-02-23,0.7,0.9,3.2,340,56
2016-02-24,-3,,2.9,340,42
2016-02-25,-0.2,,2.7,320,49.9
2016-02-26,2.2,0,2.2,290,41.3
2016-02-27,3.3,0.2,2,320,57.6
2016-02-28,0.7,4.1,2.1,90,65.5
2016-02-29,-3.8,0,4,320,48.6
2016-03-01,-2.7,,2.5,320,47.3
2016-03-02,3.1,,2.9,270,67.9
2016-03-03,8.1,,1.9,200,65.1
2016-03-04,13.2,0.1,2.7,110,55.3
2016-03-05,11.3,40,2.6,110,91.3
2016-03-06,7.9,0.2,2.8,320,51
2016-03-07,8.1,0,2,110,36.9
2016-03-08,2.7,,3.1,340,40.4
2016-03-09,0.3,,3.5,340,37.5
2016-03-10,-1.1,,3.2,340,37.8
2016-03-11,-0.5,,2.6,320,43.8
2016-03-12,2,,2.5,270,55.6
2016-03-13,3.7,0.1,1.6,20,68.1
2016-03-14,4.7,,2.6,320,57
2016-03-15,5.2,,2.2,320,43.4
2016-03-16,7.5,,2,320,45.1
2016-03-17,9.3,,1.4,70,40.9
2016-03-18,13.4,,2.4,110,50
2016-03-19,11.4,,2.5,320,58.3
2016-03-20,10.6,,2.2,320,54
2016-03-21,9.9,,2.2,320,54.1
2016-03-22,8,,2.5,320,58.1
2016-03-23,8.2,,2.9,340,49.6
2016-03-24,7.2,,2.4,320,36.5
2016-03-25,7.1,,2.2,320,43.9
2016-03-26,6.5,,2.2,320,54.5
2016-03-27,7.2,,2.6,320,55.6
2016-03-28,9.8,,2,290,47.8
2016-03-29,11.3,0.1,3.2,270,57.8
2016-03-30,11.5,,2.2,320,49.9
2016-03-31,13.5,,2.1,90,27
2016-04-01,15.3,,2,320,26
2016-04-02,15,,2.3,320,40.8
2016-04-03,10.7,2,1.7,70,75.1
2016-04-04,12.3,,2.2,320,42.6
2016-04-05,11.4,,2.5,290,45.1
2016-04-06,14.4,3,1.9,90,44.3
2016-04-07,14.1,7.5,3,290,69.5
2016-04-08,11.1,,2.5,320,76.1
2016-04-09,10.7,,1.8,250,83.9
2016-04-10,13.4,,2.1,290,71.3
2016-04-11,12.5,,2.4,320,43.8
2016-04-12,14.1,,2.3,320,42.6
2016-04-13,15.6,1,1.7,320,67.5
2016-04-14,12.4,,2.6,320,75.9
2016-04-15,15,,2.6,320,46.4
2016-04-16,14.9,23.5,2.9,110,58.9
2016-04-17,10.8,20.5,4.7,270,66.8
2016-04-18,11.2,1.5,3.1,290,65.4
2016-04-19,12,,2.2,320,55.1
2016-04-20,14.3,0.5,2.1,90,54
2016-04-21,13.5,17,2.8,110,87.6
2016-04-22,13.5,0,2.6,320,83.4
2016-04-23,13.5,,2.1,320,52.1
2016-04-24,15.5,,1.9,320,39.6
2016-04-25,17.2,,1.7,70,34.8
2016-04-26,21.1,,2,110,34.8
2016-04-27,17.2,,3.6,110,32
2016-04-28,17.2,,2,90,34.4
2016-04-29,16.2,0.3,2.5,270,47.6
2016-04-30,15.9,,2.8,270,45.3
2016-05-01,18.8,,2.2,250,40.5
2016-05-02,21.1,16.5,2.2,200,64.5
2016-05-03,12.9,27,4.9,270,86.1
2016-05-04,15.7,,5.1,290,46.6
2016-05-05,18.9,7.5,1.7,320,50.8
2016-05-06,16.3,9.5,2,320,89.3
2016-05-07,16.5,,2.6,290,60.3
2016-05-08,19.4,,2.1,90,44.8
2016-05-09,20.2,0,2,340,43
2016-05-10,14.5,13.5,2.3,20,82.4
2016-05-11,16.4,,2,290,60.9
2016-05-12,17.8,,2.7,230,62.4
2016-05-13,18.6,0.5,2.1,270,57
2016-05-14,20.2,,2.3,20,47.1
2016-05-15,17.4,45,2.7,270,73.9
2016-05-16,15.9,2.5,3.2,250,57
2016-05-17,19.3,,1.9,290,48.8
2016-05-18,22.3,,1.9,290,40.3
2016-05-19,24.3,,1.6,290,36.4
2016-05-20,24,,1.8,20,32
2016-05-21,24.1,,2,70,23.8
2016-05-22,24.7,,1.9,50,35
2016-05-23,23.3,,2.1,50,43
2016-05-24,16.8,38.5,2.6,250,82.6
2016-05-25,19.7,,2.7,230,67.9
2016-05-26,19.4,0,1.8,270,72
2016-05-27,20.9,,1.7,270,61.3
2016-05-28,21.7,,2.1,250,56.1
2016-05-29,21.5,,2.3,270,56.1
2016-05-30,22.1,,2.4,270,57.3
2016-05-31,21.6,,2.5,270,63.6
2016-06-01,23.3,,2.1,50,45.8
2016-06-02,23.2,,2.4,50,38.3
2016-06-03,22.2,,2.2,270,48.1
2016-06-04,21.2,,1.6,270,51.8
2016-06-05,24.7,,1.7,70,47.3
2016-06-06,23.3,0,2.3,110,49.1
2016-06-07,21.7,0.1,1.7,270,69.5
2016-06-08,22.1,,2.3,270,65.9
2016-06-09,24.1,,2,270,59.5
2016-06-10,24.6,,2.2,270,60.9
2016-06-11,23.5,3,1.7,250,74.3
2016-06-12,23.5,1.5,2.1,250,79.4
2016-06-13,23.5,,2.4,270,70.5
2016-06-14,23.8,0,2.1,230,62.5
2016-06-15,20.9,15.5,2.7,200,81.8
2016-06-16,20.9,0,2.8,200,73.5
2016-06-17,23.8,,2.5,230,63.1
2016-06-18,24.5,,1.8,270,58
2016-06-19,24.1,0,1.9,270,64.5
2016-06-20,24.7,,1.7,250,66
2016-06-21,26,,1.7,270,60.1
2016-06-22,24.3,30.5,2,50,75.1
2016-06-23,24.7,0.1,2.1,50,71
2016-06-24,23.1,3.5,2,270,75.8
2016-06-25,22.8,,2.8,270,63.1
2016-06-26,24.4,,2.7,270,58.4
2016-06-27,24.4,,1.6,270,55.5
2016-06-28,24.7,,1.8,270,61.1
2016-06-29,25.3,,2.2,200,58
2016-06-30,24.6,0.2,2.8,200,78.1
2016-07-01,24,108.5,2.3,200,86.5
2016-07-02,23.5,4,2.4,270,81.4
2016-07-03,23.5,,1.6,140,70.4
2016-07-04,21.8,29.5,3,70,85.1
2016-07-05,23.1,100.5,2.8,230,93.6
2016-07-06,22.9,0,1.9,200,74
2016-07-07,24,0,1.3,250,71.6
2016-07-08,27.3,,1.8,290,66.5
2016-07-09,27.7,,2,270,64.8
2016-07-10,27.9,,1.8,270,64.4
2016-07-11,28.4,0,1.7,50,67.4
2016-07-12,26.3,3,2.1,270,65.5
2016-07-13,26.3,0,2.1,270,69
2016-07-14,27.5,0.1,2.1,200,66.9
2016-07-15,26.2,1.5,2.6,70,60
2016-07-16,20.8,46.5,3.5,50,92.8
2016-07-17,21.7,2.5,2.6,200,82.9
2016-07-18,24.4,0.2,1.5,290,75.1
2016-07-19,27.1,,1.5,20,65.5
2016-07-20,28.6,,1.9,50,62.5
2016-07-21,28.3,,2.2,90,61.3
2016-07-22,29.1,,2.2,90,64
2016-07-23,28.7,0.5,1.9,250,70.4
2016-07-24,28,0.5,2,270,77.9
2016-07-25,28.4,,1.9,270,75.3
2016-07-26,28.4,,2.6,230,69
2016-07-27,27.6,0.5,3.2,200,76.4
2016-07-28,28,0.2,2.8,230,70.6
2016-07-29,26.3,59.5,1.6,50,82.3
2016-07-30,28.6,0.5,2.1,200,73.5
2016-07-31,28.9,0.2,1.6,270,72.1
2016-08-01,28.4,,1.6,20,72
2016-08-02,27.2,2,1.2,270,72.5
2016-08-03,29.1,,1.6,50,65.4
2016-08-04,30.7,,1.6,50,59.6
2016-08-05,31.2,,1.8,50,60.1
2016-08-06,30.5,,1.7,270,64.8
2016-08-07,30.6,,1.9,270,56
2016-08-08,30.5,,1.8,320,63.1
2016-08-09,29.3,1,1.9,70,68.3
2016-08-10,29.4,,1.9,270,66.3
2016-08-11,30.5,,2,270,64.1
2016-08-12,30.4,,2,270,68.3
2016-08-13,30.2,,2.4,270,67.9
2016-08-14,28.9,0.2,1.9,290,74
2016-08-15,29.1,0,1.9,270,65.5
2016-08-16,29.3,0.5,1.6,290,64.9
2016-08-17,29.9,,1.9,290,60.4
2016-08-18,29.9,,1.6,50,61.9
2016-08-19,28.9,11.5,1.4,50,69.5
2016-08-20,30.1,,1.7,70,59
2016-08-21,30.7,0,2.1,50,57.5
2016-08-22,30.7,0.4,2.1,50,58
2016-08-23,28.3,8,2.1,50,68.8
2016-08-24,29.1,0,1.8,290,59.1
2016-08-25,27.1,4.5,1.9,270,70.4
2016-08-26,23,20,3.6,70,57
2016-08-27,23.4,0,3.1,70,43.3
2016-08-28,21,1.5,2.6,20,62.5
2016-08-29,22.2,,2,290,54.5
2016-08-30,20.6,0,3.3,270,60.4
2016-08-31,17.7,17.5,3.8,250,85.3
2016-09-01,23.2,,3.1,200,71.3
2016-09-02,24.2,4.5,2.7,70,68.5
2016-09-03,23.9,0.5,1.8,50,73.8
2016-09-04,25.6,,1.5,50,71.3
2016-09-05,26.4,,1.7,270,66.1
2016-09-06,24.7,,1.8,270,69
2016-09-07,24.3,,1.8,270,69.8
2016-09-08,23,4.5,1.3,270,76.4
2016-09-09,23.9,,1.8,20,71.1
2016-09-10,24.4,,1.6,20,65.4
2016-09-11,24.5,,1.7,70,66.3
2016-09-12,23.4,2.5,1.9,50,68.9
2016-09-13,24.6,,1.8,70,62.5
2016-09-14,24.6,,1.8,200,66.1
2016-09-15,23.9,,1.3,270,68.1
2016-09-16,24.6,,1.5,290,64.9
2016-09-17,23.1,7,2.9,70,64.8
2016-09-18,23.5,,3.1,70,53.4
2016-09-19,21.9,,3.5,50,53.3
2016-09-20,20.6,,3.1,50,41.1
2016-09-21,20.2,,2,70,43.4
2016-09-22,21.9,,1.8,70,46.3
2016-09-23,21.4,,1.6,50,57.9
2016-09-24,22.3,,1.6,20,60.6
2016-09-25,23,,1.2,270,57.6
2016-09-26,23.6,,1.8,50,59.1
2016-09-27,21,13.5,1.3,50,82.5
2016-09-28,19.9,0.5,1.3,270,84.6
2016-09-29,20.4,,3,70,64.4
2016-09-30,20.5,,1.6,50,66.9
2016-10-01,21.1,,1.2,50,69
2016-10-02,19,18.5,2.7,70,84.1
2016-10-03,22.7,6.5,2.7,270,73.3
2016-10-04,22,,2.4,70,58.9
2016-10-05,21.1,,3,70,61.9
2016-10-06,18,,2.6,290,59.3
2016-10-07,19.7,2,2.6,70,67.8
2016-10-08,16.8,6,2.9,270,66.4
2016-10-09,11.3,,2.9,320,46.3
2016-10-10,14,,1.6,50,43.3
2016-10-11,15.4,,1.8,270,62.4
2016-10-12,15.5,,2,290,57
2016-10-13,15.2,,1.4,270,44.1
2016-10-14,16.7,,1.3,20,61.8
2016-10-15,19.1,,1.3,50,60.6
2016-10-16,17.2,1.5,1.5,70,74.1
2016-10-17,17.5,,1.4,270,76.1
2016-10-18,17,,1.4,50,70.9
2016-10-19,18,,1.5,20,67.6
2016-10-20,18.6,,1.8,50,61.3
2016-10-21,17.9,,3,70,58.6
2016-10-22,18.3,,1.8,50,59
2016-10-23,13.3,2.5,4,50,66.3
2016-10-24,15.1,,2.4,50,54.8
2016-10-25,14.1,37,2.2,70,84
2016-10-26,13.3,0,1.4,270,81
2016-10-27,14.6,,1.9,50,65.4
2016-10-28,14.6,0.3,2.5,290,61.8
2016-10-29,7.8,,3,320,40.3
2016-10-30,7.9,,1.5,270,31.9
2016-10-31,5.7,0.5,2,290,59.9
2016-11-01,1.5,,2.7,290,43.6
2016-11-02,4.1,0.1,1.4,250,53.1
2016-11-03,9.1,0.2,1.6,250,62.8
2016-11-04,12.3,0,2.7,180,67
2016-11-05,15,0,2.2,200,77.4
2016-11-06,14,,3.4,50,59.4
2016-11-07,12.8,5.5,2.8,50,71.3
2016-11-08,4.1,0.5,3.5,290,58
2016-11-09,2.1,,1.9,270,41.1
2016-11-10,6,0.4,2,50,55.5
2016-11-11,9.1,4,2.2,250,63.3
2016-11-12,11.4,,2.3,200,62.1
2016-11-13,14.4,0.5,1.7,50,74.8
2016-11-14,13.2,1.5,1.7,50,78.5
2016-11-15,5.2,,2.8,290,44.3
2016-11-16,5.2,,1.4,290,44.3
2016-11-17,9.1,,1.2,20,56.4
2016-11-18,10.3,0,1.9,50,58.4
2016-11-19,13,0,2.2,270,71.1
2016-11-20,9.8,,2.5,270,48.6
2016-11-21,9.5,,2.2,70,40.5
2016-11-22,2,0.2,3.9,270,43.3
2016-11-23,-1.8,,3,290,37.5
2016-11-24,-2.5,,2.1,270,37.8
2016-11-25,1,,1.5,290,43.9
2016-11-26,0.9,2.8,2.3,50,69.6
2016-11-27,3.3,0,1.5,20,81.3
2016-11-28,1.4,,2.5,290,57.9
2016-11-29,1.7,,1.6,270,40.8
2016-11-30,6,1,2,230,59.8
2016-12-01,4.1,,3.6,250,47.6
2016-12-02,1.6,,1.8,290,48.4
2016-12-03,4.5,,1.4,20,58.8
2016-12-04,5.5,,1.2,20,60.1
2016-12-05,5.9,1.5,3,270,69.1
2016-12-06,-1.1,,2.5,270,38.5
2016-12-07,1.7,0,2.3,50,58.3
2016-12-08,2.1,3,1.7,50,70
2016-12-09,1.4,3,2.8,270,65.8
2016-12-10,-1.6,,1.9,270,47.6
2016-12-11,-1.1,,1.2,20,42.6
2016-12-12,2.3,,1.9,50,37.9
2016-12-13,3.4,,2,290,53.6
2016-12-14,-1.4,0.1,2.7,270,68.1
2016-12-15,-5,,3,270,41.8
2016-12-16,-4.7,,2.2,270,40.3
2016-12-17,2.7,0,1.8,20,60.1
2016-12-18,4.9,,1.9,50,68.8
2016-12-19,7.2,0.1,2.5,50,66
2016-12-20,7.6,,1.2,20,71.3
2016-12-21,7.9,29,3.5,50,75.5
2016-12-22,5.5,23.5,3.5,250,90.3
2016-12-23,-2.5,0.1,3.6,270,71.1
2016-12-24,-2.4,,1.8,20,66
2016-12-25,1,,1.7,50,69.5
2016-12-26,2.5,0,1.4,360,73.8
2016-12-27,-2.3,0.5,3.5,270,54.6
2016-12-28,-3.7,,1.8,270,49
2016-12-29,-4.2,0.3,2.8,290,53.1
2016-12-30,-3.9,,1.3,20,50.9
2016-12-31,0.7,0,1.5,20,65.4
2017-01-01,2.7,,1.5,20,75.9
2017-01-02,5,0.3,2.1,20,77.8
2017-01-03,2,,1.8,270,61.8
2017-01-04,3.9,,1.7,270,55
2017-01-05,3.8,,3.1,50,52.3
2017-01-06,5.4,,2.4,50,58.5
2017-01-07,4.6,,1.4,50,64.9
2017-01-08,6.5,0,2.6,70,61.4
2017-01-09,1.5,0,3.3,270,60.8
2017-01-10,-3.7,,3.2,270,45.1
2017-01-11,-3.8,,2.1,270,36.4
2017-01-12,-2.2,0,3.1,270,43.1
2017-01-13,-6,0.6,2.9,270,47.4
2017-01-14,-8.4,,3.8,290,33.3
2017-01-15,-6.6,,2.3,270,35.3
2017-01-16,-3.8,,1.4,20,37.6
2017-01-17,-2,,1.5,20,46.6
2017-01-18,-0.5,0,1.3,270,68.9
2017-01-19,-1.2,,1.6,270,55.4
2017-01-20,-4.4,4,3,270,70.3
2017-01-21,-5.2,2.1,1.6,20,78.1
2017-01-22,-8.3,0,3.8,290,51.3
2017-01-23,-8.9,,2.2,270,48.4
2017-01-24,-7,,2,290,49.6
2017-01-25,-5.2,,1.5,270,50.6
2017-01-26,-1.3,0.3,2.2,20,64.4
2017-01-27,-2.6,3,3.4,270,47.3
2017-01-28,-1.6,,1.7,50,38
2017-01-29,0.8,4.5,1.8,70,71.1
2017-01-30,-4.8,0.1,3.3,270,61.4
2017-01-31,-5.4,,1.7,270,44.8
2017-02-01,-4,,2.5,290,44.5
2017-02-02,-2.7,,2.7,250,52.9
2017-02-03,1.5,,1.5,250,65.4
2017-02-04,0.9,,1.6,20,69.4
2017-02-05,1.2,0.5,2.1,250,75.3
2017-02-06,-1.7,,3,290,51
2017-02-07,-2,,1.5,270,45.4
2017-02-08,-2.2,,2,270,50.1
2017-02-09,-5.3,,3.8,270,47
2017-02-10,-6.6,,4.1,270,44.3
2017-02-11,-4.8,,2.8,270,45.4
2017-02-12,-2.2,,2.1,270,51.3
2017-02-13,0.1,,1.6,270,59.6
2017-02-14,0.3,,2.5,290,46
2017-02-15,1.8,,1.4,360,52.1
2017-02-16,5.5,0,2,20,63.9
2017-02-17,0.8,4,3.9,270,56.9
2017-02-18,-2.6,,2.8,270,49.4
2017-02-19,2.3,1,1.9,160,68
2017-02-20,-1.5,0.5,4.2,290,53.8
2017-02-21,-0.6,,1.6,270,37.1
2017-02-22,1.7,5.1,2.7,70,70.8
2017-02-23,-1.5,,3.8,270,56.4
2017-02-24,-0.8,,2.2,270,51.3
2017-02-25,2.6,,2.3,200,63.6
2017-02-26,3.6,,2.1,270,52.8
2017-02-27,3.7,,1.8,270,37.4
2017-02-28,5.6,,2,230,41.5
2017-03-01,5,5,1.8,20,65
2017-03-02,1.8,0.5,3.1,270,59.5
2017-03-03,3.3,,2.1,250,54.4
2017-03-04,5.7,,1.6,20,60
2017-03-05,5.2,0.5,2.1,270,71.6
2017-03-06,0.1,,4,290,41.3
2017-03-07,-1.3,0,3.9,270,37.5
2017-03-08,-0.1,0,3.1,270,50.6
2017-03-09,3.2,,3.1,270,47.3
2017-03-10,4.8,,2.2,270,37.4
2017-03-11,7.3,,1.8,270,37.4
2017-03-12,8.2,0,2,270,58.4
2017-03-13,6.9,,2.5,270,49.8
2017-03-14,5.8,,3.2,270,37.5
2017-03-15,6.3,,2.1,250,34.9
2017-03-16,6.2,,1.9,270,41.8
2017-03-17,7.7,,2,270,43.1
2017-03-18,9.5,,2.3,250,34.1
2017-03-19,10.9,,1.6,360,36
2017-03-20,10.2,,1.8,50,40.4
2017-03-21,7.4,,3.1,290,48.1
2017-03-22,7.6,,2.5,290,32.8
2017-03-23,9.1,,2.2,250,34
2017-03-24,8.7,,2.1,50,41.4
2017-03-25,8.1,,2.1,270,41.1
2017-03-26,7.3,,2.2,270,53.1
2017-03-27,6.1,0.4,2.5,270,67.4
2017-03-28,7.1,,1.9,20,59.8
2017-03-29,8.8,,2.3,250,54.9
2017-03-30,10.6,,1.9,270,50
2017-03-31,8.6,1.5,2.4,50,70.6
2017-04-01,9,1,2.1,270,60.5
2017-04-02,9,,2.1,250,53.1
2017-04-03,11.4,,2.1,250,45.6
2017-04-04,14.1,,2,20,35.3
2017-04-05,12,37.5,2.4,50,66
2017-04-06,10.4,3,2.4,230,90
2017-04-07,14.5,,2.1,250,68.1
2017-04-08,13,0.5,2.5,250,74.5
2017-04-09,14.8,0.5,2.8,70,59.6
2017-04-10,16.5,,2.8,70,25.8
2017-04-11,15.3,,3.2,250,36.8
2017-04-12,11.5,,3.7,250,21.8
2017-04-13,12.7,0,2.5,200,54
2017-04-14,13,6,3.5,230,57.9
2017-04-15,16.8,,2.2,270,59.4
2017-04-16,18.7,,1.4,50,52.9
2017-04-17,14.7,5.5,2.2,340,66.5
2017-04-18,11.7,7.5,2.5,250,76.5
2017-04-19,12.6,,2.9,270,43.1
2017-04-20,12.9,0.1,2.3,290,45.4
2017-04-21,13.1,,2,270,56.5
2017-04-22,14.8,,2.1,270,48.4
2017-04-23,14.9,,2.4,270,40
2017-04-24,15.1,,2.7,50,39.4
2017-04-25,16,,2.7,230,56.8
2017-04-26,15.1,,3.3,270,36
2017-04-27,13.6,,3.3,270,41.8
2017-04-28,14.4,,3,200,57.3
2017-04-29,17.1,,2.7,230,44.3
2017-04-30,19.3,,2.6,200,57.9
2017-05-01,20.1,,1.9,270,50.8
2017-05-02,20.7,,2.1,270,42
2017-05-03,21.5,,2,270,34.1
2017-05-04,21,,2,270,43.6
2017-05-05,20.9,,3.2,270,53.4
2017-05-06,14.9,,3.8,230,32
2017-05-07,16.6,,3.2,250,42.6
2017-05-08,17.9,,2.1,200,43.6
2017-05-09,17.1,2.5,1.6,50,62.6
2017-05-10,16.4,2.5,2.5,290,73
2017-05-11,19.3,0,1.8,250,65.3
2017-05-12,19.1,,2.1,200,71.6
2017-05-13,16.4,6,3.1,230,77.8
2017-05-14,15.7,,3.7,270,58.3
2017-05-15,16,0,2.8,270,61.4
2017-05-16,17.1,,2,250,60.5
2017-05-17,18.6,,2.1,270,51.5
2017-05-18,20.4,,2.3,270,41.9
2017-05-19,21.1,,2.6,270,42.6
2017-05-20,20.9,,2.4,270,44
2017-05-21,21.5,,2.3,290,48.1
2017-05-22,21.8,,2,270,53.6
2017-05-23,20,5,1.9,290,68
2017-05-24,21.8,0.1,2,270,60.4
2017-05-25,19.2,,3.4,250,45.6
2017-05-26,17.7,,2.9,250,41.5
2017-05-27,19.5,,2.2,290,46.1
2017-05-28,21.2,,2.7,250,50.6
2017-05-29,22.9,,2.3,200,61.8
2017-05-30,23.6,,2.4,230,43.5
2017-05-31,23.3,,1.9,270,49.1
2017-06-01,23.3,,3.1,270,51.8
2017-06-02,20.5,0,2.8,270,37.4
2017-06-03,20.5,,3,270,44
2017-06-04,21.7,,2.6,270,36.9
2017-06-05,24.2,0,1.9,50,33.3
2017-06-06,19.4,15.5,2.5,70,60
2017-06-07,17.6,12.5,2.4,270,91.4
2017-06-08,20.1,,2.8,270,67.3
2017-06-09,21.2,0.1,3.3,230,69.8
2017-06-10,21.5,4.5,2.3,270,46.8
2017-06-11,22.8,,2.2,20,33.8
2017-06-12,22.1,,2.8,70,45.5
2017-06-13,21.5,0,2.4,270,63
2017-06-14,21.8,,2.8,270,63
2017-06-15,23.1,,2.5,230,62.4
2017-06-16,25.5,,2.2,90,55.8
2017-06-17,24.2,,2.4,290,52.3
2017-06-18,24.3,,2.3,270,52
2017-06-19,24.8,,1.8,270,50.9
2017-06-20,26,0,2.1,270,43.4
2017-06-21,25.4,0,2.9,270,52.6
2017-06-22,25.3,,2.5,290,57.3
2017-06-23,26.7,,2,270,53
2017-06-24,24.5,3.5,1.2,290,60.4
2017-06-25,23.8,1.5,1.5,50,75.4
2017-06-26,23.1,29,2.2,70,76.9
2017-06-27,25.2,0,2.2,270,67.5
2017-06-28,26,,2.1,270,63.5
2017-06-29,26.2,,2.2,270,64.8
2017-06-30,25.9,,2.2,270,65.9
2017-07-01,25.3,0.5,2,290,73.6
2017-07-02,24.3,92,2.5,230,90.5
2017-07-03,24.7,67.5,3.5,230,87.6
2017-07-04,26.7,0.5,2,270,74.5
2017-07-05,27.4,,1.5,270,66.9
2017-07-06,27.6,34,1.7,50,72.3
2017-07-07,26.4,16.5,2,110,80.8
2017-07-08,26,4.5,2.6,200,83.3
2017-07-09,26.3,32.5,1,70,88
2017-07-10,24,144.5,2.3,200,96.5
2017-07-11,26,1,2.1,200,81.4
2017-07-12,27.1,0,2.3,270,75.9
2017-07-13,27.6,,1.5,270,71
2017-07-14,28.7,0,2.1,270,68.4
2017-07-15,25,42.5,2.2,230,89
2017-07-16,26.2,22.5,1.4,230,83.4
2017-07-17,26.8,7.5,2,200,77.3
2017-07-18,26.5,2.5,1.6,270,80.6
2017-07-19,28.3,,1.8,270,71.4
2017-07-20,29.9,,2.2,200,66.1
2017-07-21,29.8,,2.5,230,73.1
2017-07-22,29.3,0.5,2.3,230,75.8
2017-07-23,27,133.5,2.1,200,89.5
2017-07-24,26.2,3,1.2,250,82.3
2017-07-25,29.4,,1.9,50,64.1
2017-07-26,28.7,,2.7,70,55.6
2017-07-27,27.1,3.5,1.9,110,62.5
2017-07-28,25.5,8.5,1.5,70,92.1
2017-07-29,27.2,0,2.3,70,72.3
2017-07-30,27.9,,1.9,290,64.4
2017-07-31,25.7,3.5,1.4,50,82.3
2017-08-01,28.6,2,1.7,50,73
2017-08-02,30,,1.3,50,71.9
2017-08-03,30.2,,2.2,110,60.6
2017-08-04,30.3,,2.1,70,60.1
2017-08-05,31.4,0,1.9,70,63
2017-08-06,29.8,5,1.9,70,71.9
2017-08-07,29.2,,2.4,270,68.1
2017-08-08,28.2,,1.9,290,67.1
2017-08-09,27.6,2.5,2.3,70,66.4
2017-08-10,24.8,5.5,2,50,89.9
2017-08-11,27,0.5,2.3,50,72.5
2017-08-12,27.8,,2.1,70,60.3
2017-08-13,26.3,0,2.8,70,62.1
2017-08-14,24.6,1.5,3.6,70,67.5
2017-08-15,21.9,93.5,3.6,70,93.8
2017-08-16,23.3,2,3.7,70,80.5
2017-08-17,24.8,0.5,2.1,70,77.1
2017-08-18,26.3,0,1.3,50,75.6
2017-08-19,26.1,0,2,70,75.8
2017-08-20,23.2,124.5,2.9,70,95.6
2017-08-21,25.8,5,2.4,230,81.5
2017-08-22,27.3,,1.9,290,70.6
2017-08-23,27.2,31.5,2.6,230,84.1
2017-08-24,26.5,14,4,230,85.3
2017-08-25,25.3,,1.7,270,61.9
2017-08-26,24.2,,2,270,54.5
2017-08-27,22.7,0,1.4,50,62
2017-08-28,21.5,9,1.5,50,73.1
2017-08-29,19.5,,3.2,320,51.4
2017-08-30,19.8,,1.5,270,55.8
2017-08-31,22.2,,1.6,50,62.4
2017-09-01,23.3,,2.2,70,56
2017-09-02,23.8,,1.8,50,59
2017-09-03,23.7,,1.6,50,64
2017-09-04,24.6,,1.6,50,53.8
2017-09-05,21.9,0,1.7,50,62.4
2017-09-06,20.6,2,1.2,290,75.5
2017-09-07,22.4,,1.4,290,73.3
2017-09-08,24.3,,1.7,290,67.5
2017-09-09,23.8,,1.4,20,70.1
2017-09-10,23,0.5,1.4,70,74.3
2017-09-11,21.2,24,1.7,50,79.8
2017-09-12,22.1,,1.9,290,58.6
2017-09-13,21.4,,1.9,290,49.3
2017-09-14,22.4,,1.7,50,48.8
2017-09-15,22.6,,3.6,70,48.4
2017-09-16,22,,3.6,70,50.9
2017-09-17,23.1,,2.7,50,51.3
2017-09-18,21.9,,2.1,270,62.8
2017-09-19,22.6,8,3,230,79.1
2017-09-20,19.5,,2.4,270,48.9
2017-09-21,20.3,,1.6,50,57.3
2017-09-22,20.6,,2.1,50,60.8
2017-09-23,21.8,0,1.6,50,69.8
2017-09-24,22.4,0,2,70,71.5
2017-09-25,23.4,,1.4,70,58
2017-09-26,25.1,0,1.9,70,57
2017-09-27,22.7,0.5,1.7,340,66.4
2017-09-28,19.2,,2.8,270,49.1
2017-09-29,17.4,,2.2,230,39.3
2017-09-30,20,,1.5,20,64.9
2017-10-01,18.2,4,2.3,70,74.8
2017-10-02,22,1.5,2.3,70,62.3
2017-10-03,17.6,,2.3,290,49.8
2017-10-04,16.7,,1.8,270,48.5
2017-10-05,18.7,,2.1,70,56.4
2017-10-06,18.9,0.5,2.3,70,66.4
2017-10-07,21.9,0,1.2,50,67.6
2017-10-08,23,,1.4,50,66.9
2017-10-09,22.5,0,1.5,270,66
2017-10-10,21.4,0.4,1.3,20,76.9
2017-10-11,15.5,20,2.9,270,77.1
2017-10-12,11.4,,2,270,71
2017-10-13,12.8,,3.2,290,51
2017-10-14,14.4,,,,42.8
2017-10-15,15.8,,1.7,70,42.5
2017-10-16,16.6,,1.7,290,47.6
2017-10-17,16.2,,1.3,20,47.1
2017-10-18,16.5,0.1,2.4,70,58.8
2017-10-19,17,,1.8,50,58.3
2017-10-20,17,,1.5,50,58.6
2017-10-21,17.6,,1.3,20,52.8
2017-10-22,16.3,,3.1,70,50.4
2017-10-23,13.7,,1.4,20,47
2017-10-24,14.4,,1.9,290,54.3
2017-10-25,14.4,,1.5,290,59
2017-10-26,14.5,,1.2,20,56.5
2017-10-27,16.9,,1.2,270,54.4
2017-10-28,17.2,,2,50,51.9
2017-10-29,11.5,,3.3,290,45.6
2017-10-30,7.7,,2.4,290,27.4
2017-10-31,10.4,,1.8,270,54.3
2017-11-01,14.4,,2.1,200,72.4
2017-11-02,15.5,1,1.6,200,78.8
2017-11-03,12.3,1.5,3.2,270,66
2017-11-04,7.8,,2.5,290,47.9
2017-11-05,8.4,,1.5,270,52.5
2017-11-06,11.4,,1.5,20,64.5
2017-11-07,14.4,0,1.5,50,61.4
2017-11-08,13.1,0,3,270,53.3
2017-11-09,9.4,,1.2,50,39.6
2017-11-10,9.8,7.5,3,50,56.3
2017-11-11,5.9,,2.2,270,42.9
2017-11-12,5.3,,1.4,270,57.1
2017-11-13,8.4,4.5,1.9,50,64.4
2017-11-14,7.5,,2.4,290,42.5
2017-11-15,3.2,,2.8,320,38.3
2017-11-16,1,,1.5,20,30.3
2017-11-17,3,0,2.2,50,39.4
2017-11-18,-2.1,,3.4,290,38.5
2017-11-19,-1.6,,2.2,270,37.8
2017-11-20,-0.4,0,1.4,270,55.3
2017-11-21,1.3,,1.4,50,55.6
2017-11-22,4.3,0.5,2.4,50,54.8
2017-11-23,0.9,1.2,2.1,270,49.3
2017-11-24,-0.4,0,1.8,290,62.5
2017-11-25,3,24,1.8,70,77.6
2017-11-26,3.3,,1.8,320,71.6
2017-11-27,2.5,,1.3,50,53
2017-11-28,6.4,0.5,1.1,20,64.1
2017-11-29,3.2,0,2.8,290,48.3
2017-11-30,-2.4,,3.3,290,26.8
2017-12-01,-2.2,0,1.6,270,49.4
2017-12-02,1.9,,1.7,50,59.9
2017-12-03,4.9,4,1.5,50,83.1
2017-12-04,-1.2,0.1,3.4,290,48.1
2017-12-05,-4.2,0.1,,,40.1
2017-12-06,0.2,1.2,,,72.6
2017-12-07,0.7,,1.7,290,64.5
2017-12-08,-3.8,,1.8,290,41.3
2017-12-09,-0.5,,1,20,46.1
2017-12-10,1.1,4.1,2,90,67.9
2017-12-11,-7,,3.5,290,40.5
2017-12-12,-9.4,,2.1,320,41.9
2017-12-13,-8.7,,1.7,290,42
2017-12-14,-6.6,,0.9,360,42.9
2017-12-15,-3,0,1,360,52.6
2017-12-16,-5.7,,3,290,43.1
2017-12-17,-6.7,,1.9,290,38.1
2017-12-18,-1.6,3.4,1.2,20,80
2017-12-19,-3.9,,2.1,290,49.4
2017-12-20,-3.9,0.2,1.1,90,68
2017-12-21,-0.9,,1.2,290,71.4
2017-12-22,3.4,,1.1,20,66.6
2017-12-23,6.1,,1.1,200,75.8
2017-12-24,2.9,20,1.9,290,82
2017-12-25,-2.1,,2.8,290,43.1
2017-12-26,-3.8,,2.9,290,41.8
2017-12-27,-6.9,,1.9,290,31.4
2017-12-28,-2.1,0,1.3,290,47
2017-12-29,2.1,0,1.1,290,67
2017-12-30,1.4,0.7,0.9,290,79.5
2017-12-31,-0.3,1,2.3,290,54.4
2018-01-01,-1.3,,1.4,290,39.1
2018-01-02,-1.8,,1.8,290,42
2018-01-03,-4.7,,2.2,290,42.3
2018-01-04,-4.7,,1.4,290,43
2018-01-05,-3,,1.7,290,48.4
2018-01-06,-2.8,,1.5,290,45.8
2018-01-07,-0.8,,0.8,90,42.1
2018-01-08,1.3,0.9,1.8,270,51.9
2018-01-09,-4.2,0.5,2.9,290,59.4
2018-01-10,-7.5,0.3,3,290,52
2018-01-11,-11.1,,2.8,290,49.8
2018-01-12,-10.2,0,1.7,290,35.4
2018-01-13,-4.4,0.4,0.8,50,67.3
2018-01-14,0.6,,1.2,90,64.1
2018-01-15,4.7,0.2,1.4,290,63.9
2018-01-16,3.5,0,0.7,20,59.1
2018-01-17,4.5,,1.2,290,64.1
2018-01-18,2.1,0,1.9,290,59.6
2018-01-19,1,,1.6,290,43
2018-01-20,2.2,,1.6,270,57.6
2018-01-21,0.4,,1,290,36.6
2018-01-22,0.2,3.3,1.5,290,56.5
2018-01-23,-11.7,,3.7,290,42
2018-01-24,-14.2,,3.4,290,31.6
2018-01-25,-14,,2.8,340,32.6
2018-01-26,-14.8,,2.6,320,34.9
2018-01-27,-9.9,,1.4,270,37.4
2018-01-28,-6.3,,2.6,290,36
2018-01-29,-8.5,,2.7,270,35
2018-01-30,-5.3,2.9,1.3,200,62
2018-01-31,-2.6,0,1.6,290,54.5
2018-02-01,-4,,1.6,290,44.1
2018-02-02,-2.4,,1.6,290,51.1
2018-02-03,-7.3,0.5,3.8,290,47
2018-02-04,-9.5,,3.1,290,40.9
2018-02-05,-9.4,,3,290,37.8
2018-02-06,-10.1,,3.1,290,36.5
2018-02-07,-8,,1.5,290,39.8
2018-02-08,-4.4,,1.2,20,43.3
2018-02-09,0.4,,1.1,230,43.9
2018-02-10,-0.5,,3,290,47.4
2018-02-11,-6.1,0,2.7,270,42.5
2018-02-12,-5.8,0,2.7,270,40.8
2018-02-13,-0.8,,2.7,200,54.5
2018-02-14,3.5,,2.6,250,51
2018-02-15,-0.7,,2.5,290,28
2018-02-16,-1.1,,2.1,270,40.1
2018-02-17,-3,,2.9,290,25.6
2018-02-18,-0.4,,1.3,270,26.9
2018-02-19,1.8,,1.5,290,48.6
2018-02-20,0.9,,2.5,290,41
2018-02-21,-0.9,,2.3,290,31.5
2018-02-22,1.3,0.4,2.2,230,59
2018-02-23,4.2,3.7,1.9,230,81.1
2018-02-24,2.4,,2.1,290,49.4
2018-02-25,1.9,,1.7,290,40.6
2018-02-26,3.1,,1.4,290,43.1
2018-02-27,4.2,,0.9,90,48.8
2018-02-28,4.6,25,2,90,73.3
2018-03-01,-0.2,0.5,3.8,290,61.9
2018-03-02,-0.7,,1.5,290,34
2018-03-03,7.9,0,1.5,270,38.1
2018-03-04,9.8,11.5,1.2,90,89.1
2018-03-05,5.5,3.5,2,50,67.5
2018-03-06,4.5,,1.6,20,46.8
2018-03-07,6.4,0.5,1.8,90,54
2018-03-08,4.6,4,1.9,320,76
2018-03-09,4.5,,1.5,290,63.3
2018-03-10,4.6,,2,290,65.8
2018-03-11,6.4,,2,290,51.3
2018-03-12,8,,1.4,290,45.8
2018-03-13,12.4,,1.8,230,60.5
2018-03-14,17,,2.3,230,58.8
2018-03-15,12.4,27,2.1,270,92.1
2018-03-16,7.1,,1.9,90,46.9
2018-03-17,6.6,,1.5,270,48
2018-03-18,8.2,0.5,1.2,290,55.9
2018-03-19,8,1,2.5,90,64.5
2018-03-20,4.7,,3.4,90,39.9
2018-03-21,2.1,1,1.7,20,64.1
2018-03-22,4.9,,2.2,270,61.5
2018-03-23,6.1,,2,270,55.3
2018-03-24,7.6,,2.1,270,61.9
2018-03-25,9.6,,1.7,290,65.6
2018-03-26,11,,1.9,290,64.5
2018-03-27,13.3,,1.6,250,61.1
2018-03-28,14,,2.2,250,66.4
2018-03-29,15.4,,1.6,270,66.3
2018-03-30,14.8,,1.7,90,55.6
2018-03-31,14,,1.9,270,52.9
2018-04-01,15.6,,1.5,200,68.8
2018-04-02,18.4,,1.9,230,64
2018-04-03,17.8,0.1,2.1,230,72.9
2018-04-04,13.4,18.5,1.9,90,67
2018-04-05,7.6,10.5,2,90,90.6
2018-04-06,5.8,6.5,3.1,270,71.6
2018-04-07,4.2,0.2,4.1,270,45.5
2018-04-08,3.9,3,1.8,90,59.6
2018-04-09,7.9,,1.1,20,57.9
2018-04-10,15.1,5,3.5,200,51
2018-04-11,12.6,,3,270,49.4
2018-04-12,13.3,,2.6,320,30.5
2018-04-13,14.6,,1.3,110,22.9
2018-04-14,9,9,1.8,290,78.8
2018-04-15,9.5,,2.4,270,65.5
2018-04-16,11.6,,1.6,270,41.9
2018-04-17,12.9,,1.9,290,37.9
2018-04-18,12.4,,1.9,290,35.4
2018-04-19,14,,1.9,290,38.8
2018-04-20,18.4,,1.3,20,46
2018-04-21,18.7,,1.9,270,32
2018-04-22,15.5,15.5,1.1,110,57.4
2018-04-23,9.3,59,2.2,110,93.9
2018-04-24,12.1,3,1.4,110,63.3
2018-04-25,14.6,,1.5,290,37.8
2018-04-26,14.9,,2.1,290,51.9
2018-04-27,15.7,,1.7,290,52.9
2018-04-28,15.4,,2,290,49
2018-04-29,16.2,,1.9,290,43.1
2018-04-30,19.2,,1.6,290,61.6
2018-05-01,20.4,0,1.5,320,72.8
2018-05-02,15.1,12,1.9,70,90.4
2018-05-03,11.2,1,2.7,290,62.4
2018-05-04,14.1,,2.7,270,45.5
2018-05-05,18.3,,2.6,230,46.8
2018-05-06,16.6,22,1.1,90,86.4
2018-05-07,19.2,,1.2,290,60.3
2018-05-08,17.5,,1.7,110,50.9
2018-05-09,15.7,,1.7,90,50.4
2018-05-10,15.4,,2.3,270,67.4
2018-05-11,16.1,,1.8,290,59.8
2018-05-12,14.2,32,0.9,50,89.3
2018-05-13,15.8,0.5,1.9,270,82.5
2018-05-14,18.2,,1.4,270,71.4
2018-05-15,23.2,0,1.1,230,56.4
2018-05-16,22.3,45,1.9,200,93.8
2018-05-17,20.9,83,1.4,270,97
2018-05-18,16.3,6.5,1.3,70,86.8
2018-05-19,17.6,,1.5,90,47.5
2018-05-20,17,,1.4,90,32.1
2018-05-21,17.8,,1.4,110,43.9
2018-05-22,18.1,12.5,1.1,290,75.5
2018-05-23,17.3,6.5,2.5,320,57.1
2018-05-24,18.3,,2.2,230,47.4
2018-05-25,19.7,,1.8,290,47.4
2018-05-26,21.8,,1.4,290,50.1
2018-05-27,20.3,,1.7,320,47.4
2018-05-28,22.3,,1.6,270,49.8
2018-05-29,21.4,1,1.8,290,69.3
2018-05-30,20.2,0,1.9,270,69.8
2018-05-31,20.9,,1.9,290,58.9
2018-06-01,23.8,,1.9,290,50.4
2018-06-02,23.4,,2,270,44.5
2018-06-03,24,,1.6,270,39.4
2018-06-04,22.6,,1.9,290,50.1
2018-06-05,23.7,,1.7,290,52.5
2018-06-06,23,,2,270,62.9
2018-06-07,22.2,,2,270,69.3
2018-06-08,21.9,,2.1,290,68
2018-06-09,23.7,0.5,1.4,90,60.6
2018-06-10,21.3,0.5,1.4,90,59.9
2018-06-11,20.2,5,1.4,70,67.3
2018-06-12,21.3,0,1.7,290,65.5
2018-06-13,22,0,1.5,50,64
2018-06-14,21.6,29,1.1,90,74.9
2018-06-15,21.7,16.5,1.4,90,60.8
2018-06-16,22.5,,1.4,290,56.4
2018-06-17,22.8,,1.3,270,66.9
2018-06-18,24.8,,1.5,290,54.9
2018-06-19,22.4,,1.8,250,61.3
2018-06-20,22.7,,2.3,290,68.1
2018-06-21,23.7,,2.2,290,60.1
2018-06-22,25,,1.8,290,45.1
2018-06-23,24.5,,2,270,50.6
2018-06-24,25.2,,1.9,270,62.8
2018-06-25,27.1,,1.2,290,57.1
2018-06-26,22.3,71.5,2.4,230,88.3
2018-06-27,22.3,1,2,250,81.9
2018-06-28,23.3,26.5,1.1,180,85.1
2018-06-29,24.7,6.5,1.5,270,78.5
2018-06-30,24.4,14.5,0.9,50,83.8
2018-07-01,21.9,83.5,0.8,110,94.6
2018-07-02,22.6,59.5,0.7,50,95.4
2018-07-03,27.4,0.1,0.8,70,74.4
2018-07-04,27.3,,1.7,290,69.6
2018-07-05,25.3,0.5,1.2,90,72.8
2018-07-06,23.9,,1.8,90,57.8
2018-07-07,23.7,,1.6,90,51.4
2018-07-08,23.3,,1.5,90,51.5
2018-07-09,20.8,14,1.1,90,82.3
2018-07-10,23.7,16.5,0.7,110,87.8
2018-07-11,26.8,3,1.3,50,82.9
2018-07-12,26.6,1,1.5,290,82.4
2018-07-13,27.3,,1.8,290,74.8
2018-07-14,27.9,0,1.9,290,69.6
2018-07-15,28.3,,1.6,290,69.6
2018-07-16,28.7,,1.7,290,64.3
2018-07-17,28.1,,1.7,290,66.5
2018-07-18,28.2,,1.6,290,64.8
2018-07-19,28.7,,1.6,290,64.1
2018-07-20,29.5,,1.5,290,62.6
2018-07-21,30.6,,1.5,290,53.6
2018-07-22,31.8,,1.4,270,49.6
2018-07-23,31.7,,1.8,290,53.8
2018-07-24,31.4,,1.6,290,59.5
2018-07-25,30.1,,2.4,230,66.3
2018-07-26,30.1,,1.5,290,68.8
2018-07-27,30.9,,1.9,290,69.3
2018-07-28,29.5,7.5,1.2,270,77.1
2018-07-29,31.3,,1.2,50,52.4
2018-07-30,31.7,,1.2,70,50.9
2018-07-31,32.6,,1.5,90,50.5
2018-08-01,33.6,,1.7,270,55.5
2018-08-02,33.7,,1.6,290,54.4
2018-08-03,33.1,,1.9,270,55.3
2018-08-04,31.1,,2.4,270,60.6
2018-08-05,30,2,2.6,270,71.8
2018-08-06,30.5,6.5,1.6,290,71.6
2018-08-07,30.5,,1.5,90,63.4
2018-08-08,31,,2.1,290,64.8
2018-08-09,28.8,2,1.5,290,76.3
2018-08-10,30.7,,1.4,340,60.9
2018-08-11,31,,1.5,110,55.8
2018-08-12,30.6,5,1.5,160,61.3
2018-08-13,30.5,1,1.4,50,68.6
2018-08-14,31.7,,1.3,290,58.3
2018-08-15,31.7,1,1.2,70,59.5
2018-08-16,29.9,,1.7,90,51
2018-08-17,27.2,,1.8,110,39.8
2018-08-18,26.7,,1.4,110,44.6
2018-08-19,28.2,,1.2,20,50.6
2018-08-20,29.1,0,2,140,55.6
2018-08-21,26.6,5,2.5,290,71.4
2018-08-22,30.7,,1.1,110,54.1
2018-08-23,29.4,3,1.7,70,59.1
2018-08-24,24.4,7.5,2.5,290,86.3
2018-08-25,25.2,,2.6,200,68
2018-08-26,23.2,2,1.2,50,70
2018-08-27,22.7,19.5,0.8,70,91
2018-08-28,23.7,96.5,0.9,90,92.4
2018-08-29,25.2,42,2.4,200,86
2018-08-30,25.3,9.5,1.8,290,80.9
2018-08-31,25.6,0.1,1.6,290,67.4
2018-09-01,25.5,,1.3,70,59.4
2018-09-02,25.1,,1.5,90,55.8
2018-09-03,23.3,34.5,1,70,85.3
2018-09-04,23.2,,2.2,290,69.4
2018-09-05,24,,2.5,270,63.5
2018-09-06,24.1,1,2,200,69.9
2018-09-07,22,0.5,2.5,290,54.6
2018-09-08,21.7,,1.7,290,48.8
2018-09-09,22.2,,1.2,70,49
2018-09-10,22.9,,1.6,90,49.5
2018-09-11,21.6,,1.5,70,48.1
2018-09-12,22.8,,1.4,70,52
2018-09-13,23.5,,1.2,70,63.5
2018-09-14,23.5,0.5,1.3,70,66.9
2018-09-15,23.3,0.2,1,70,76
2018-09-16,22.2,2,1.7,270,83.6
2018-09-17,22.3,0.1,1.9,290,64.3
2018-09-18,22,,1.2,290,59.8
2018-09-19,22.1,0.2,1,50,59.1
2018-09-20,19,5,1.8,90,82.4
2018-09-21,19.4,18,1.3,90,85.8
2018-09-22,20.8,6.5,1.8,270,62.3
2018-09-23,19.4,0,1.6,270,52.9
2018-09-24,17.6,,2.1,320,48.3
2018-09-25,17.8,,1.1,20,48
2018-09-26,19.4,,1.7,90,47.9
2018-09-27,18.9,,1.3,70,47.6
2018-09-28,17.5,,1.2,70,58.1
2018-09-29,20.2,,1,70,55.5
2018-09-30,17.6,,2.3,270,52.5
2018-10-01,15.4,0,2.9,270,55.1
2018-10-02,15.9,,1.6,290,61.4
2018-10-03,17.3,,1.3,290,58
2018-10-04,19.3,,1.3,70,56.5
2018-10-05,16.9,36.5,1.7,70,84.1
2018-10-06,18,55.5,2.2,90,84
2018-10-07,16.4,,1.7,290,53.5
2018-10-08,14.8,,1.1,20,47
2018-10-09,15.3,0,1.1,70,52.5
2018-10-10,12,7,2.5,290,61
2018-10-11,9.7,,2.1,320,51
2018-10-12,10.9,,1.3,290,54
2018-10-13,12.5,,1,50,54
2018-10-14,13.2,,1.5,290,60
2018-10-15,15.2,,1.4,320,69.9
2018-10-16,14.5,,1.3,290,55.9
2018-10-17,12.4,,1.3,290,53.3
2018-10-18,12.7,,1.1,50,59.5
2018-10-19,13.1,,1.4,270,54.3
2018-10-20,13.4,,1.2,270,53.9
2018-10-21,13.4,,1.1,270,49.5
2018-10-22,14,,1,20,50
2018-10-23,12.2,5,1.1,50,75.1
2018-10-24,12.5,,1.3,290,66
2018-10-25,13.8,,0.9,50,55.5
2018-10-26,12.2,11,1.6,270,74.1
2018-10-27,8.7,,3.2,270,49.6
2018-10-28,8.3,5.5,1.5,70,77.1
2018-10-29,7.2,0,2,290,57.3
2018-10-30,6.1,0,1.6,270,51.3
2018-10-31,7.4,0,1.6,290,55.4
2018-11-01,8.4,,1.3,290,53.4
2018-11-02,10.6,,1.1,20,54.9
2018-11-03,11.2,,1.3,20,56
2018-11-04,11.6,,1.3,270,55
2018-11-05,11.9,,1.1,270,65.5
2018-11-06,12.2,,0.9,270,70.5
2018-11-07,12.8,2,1.1,70,79.5
2018-11-08,11.8,64,1.8,90,93.8
2018-11-09,12.1,1,3.1,270,69
2018-11-10,11.9,0,1.4,290,69.1
2018-11-11,8.1,0,1.1,50,67.6
2018-11-12,8.1,,1.2,320,52.3
2018-11-13,8.8,,1.1,290,51.6
2018-11-14,9.8,,1.1,320,55.5
2018-11-15,9.7,,1,20,55.4
2018-11-16,8.8,,1.7,290,65.1
2018-11-17,4.9,,1.4,290,50.8
2018-11-18,6.1,,1.1,270,48.8
2018-11-19,6.5,,1.4,20,50.4
2018-11-20,6.5,0.2,1.8,200,39.9
2018-11-21,5.8,1,1.2,340,57.1
2018-11-22,2.3,,2.4,270,35
2018-11-23,1.9,,1.4,290,29.6
2018-11-24,2.6,10.9,1.8,70,71.1
2018-11-25,4.8,,1,20,77.8
2018-11-26,6.3,,1,20,70.1
2018-11-27,7.1,,1.5,70,65
2018-11-28,5,,1.6,290,27.1
2018-11-29,3.5,0,1.3,290,41.4
2018-11-30,2.7,,1.4,270,46.1
2018-12-01,5.5,,1,20,42.3
2018-12-02,8.2,,1.3,90,50.1
2018-12-03,11.5,9.5,1.4,90,87.4
2018-12-04,6.7,5,2.7,290,74.9
2018-12-05,0,,1.5,290,39.5
2018-12-06,2.4,0,2.3,270,50.5
2018-12-07,-7.3,,3.8,290,37.1
2018-12-08,-8.3,,2.6,340,37.1
2018-12-09,-7.2,,1.5,290,27
2018-12-10,-2.5,,0.9,50,33.3
2018-12-11,0.2,,1.2,20,44.8
2018-12-12,-1.9,,2.2,290,39
2018-12-13,-2.2,1.3,2,320,57.4
2018-12-14,-4.4,,1.7,290,44.3
2018-12-15,-2.4,,1,20,46.8
2018-12-16,0,0.3,0.9,50,63.8
2018-12-17,1.6,0.3,1.8,290,60.1
2018-12-18,2.6,,1.4,230,56.3
2018-12-19,4,,1.4,290,53.4
2018-12-20,3.4,,0.9,20,45.5
2018-12-21,5.6,,1.1,70,40.1
2018-12-22,6.9,,1.5,290,48.9
2018-12-23,2.4,,2.9,290,43
2018-12-24,-2.3,,1.6,290,35.9
2018-12-25,0.6,,1.2,50,53.4
2018-12-26,-1.5,,2.8,290,40.8
2018-12-27,-10.1,,3.5,290,28.3
2018-12-28,-10.5,,2.5,290,33
2018-12-29,-7.6,,2.9,290,29
2018-12-30,-6.8,,1.2,290,35.9
2018-12-31,-5.4,,1.2,290,39.6
2019-01-01,-5,,2.1,290,49.5
2019-01-02,-4.9,,1.7,270,42.8
2019-01-03,-3.5,,1.4,290,38.8
2019-01-04,-1.1,,1.2,20,55.5
2019-01-05,-2.8,,2.2,290,40.3
2019-01-06,-2.8,,1.2,290,35
2019-01-07,-1.9,,1.4,290,46.4
2019-01-08,-3.5,,2.6,290,31
2019-01-09,-4.7,,1.3,50,28.8
2019-01-10,-0.6,,1.3,290,48.8
2019-01-11,2.4,,1,20,58.8
2019-01-12,2.8,,1.3,290,47.6
2019-01-13,1.2,,1.4,270,54.3
2019-01-14,1.4,,0.9,290,68.6
2019-01-15,-1.7,0,2.7,290,58.8
2019-01-16,-5.2,0,2.3,270,45.9
2019-01-17,-0.3,0,1.7,290,45.8
2019-01-18,0.6,,1.3,290,44
2019-01-19,3.6,,1.2,50,59.8
2019-01-20,-1.4,,3.2,290,38.5
2019-01-21,-1.2,0,1.6,270,57.8
2019-01-22,1.7,,1.7,20,62
2019-01-23,2,,2.3,270,48.9
2019-01-24,0.1,,1.7,270,34.9
2019-01-25,-1.2,,2.6,290,27.6
2019-01-26,-2.5,,2.4,320,30.9
2019-01-27,-0.1,,1.7,230,52.5
2019-01-28,1.2,0,3.1,290,40.4
2019-01-29,-0.2,,1.5,290,35.5
2019-01-30,1.8,,1.5,290,54.6
2019-01-31,-2,,2.9,290,29
2019-02-01,-2.1,0.3,1.7,270,47.6
2019-02-02,1.4,0,1,70,60
2019-02-03,3.3,16,1.7,90,92.9
2019-02-04,-0.6,,2.1,290,40.4
2019-02-05,2.8,,1,50,37.1
2019-02-06,5.1,,1.3,20,54.9
2019-02-07,-2.1,0.5,3.5,290,45.5
2019-02-08,-6.1,,2.3,290,31.5
2019-02-09,-5.4,,2.7,320,30
2019-02-10,-5,,1.7,290,31.3
2019-02-11,-3,,2.3,270,34.9
2019-02-12,-0.6,0,1.9,290,35.5
2019-02-13,-2.1,,2.4,290,26.6
2019-02-14,-0.5,,1.4,250,24.3
2019-02-15,-0.8,2.2,1.9,290,72.8
2019-02-16,-2.7,0.2,2.6,320,59
2019-02-17,-1.8,,1.9,270,47.4
2019-02-18,0.9,,1.3,290,43.5
2019-02-19,1.4,4.6,1.4,70,80.8
2019-02-20,1.7,0,2.1,270,67.8
2019-02-21,2.4,,1.5,270,59.4
2019-02-22,4,,1.5,200,56.1
2019-02-23,6.8,,1.1,20,41
2019-02-24,6.3,,1.8,290,45
2019-02-25,4.7,,2.3,290,55.8
2019-02-26,5.2,,1.6,270,32.8
2019-02-27,7.8,,1.6,290,31.3
2019-02-28,6.6,,2,290,39.5
2019-03-01,6.6,,2.1,290,42.3
2019-03-02,7.8,,1.1,290,37.6
2019-03-03,9.4,,1.5,20,36.4
2019-03-04,9.9,,1.9,270,46.1
2019-03-05,8.4,,2,250,66.3
2019-03-06,8.4,,2,290,55
2019-03-07,7,,2.2,270,51.1
2019-03-08,6.1,,1.9,290,39.4
2019-03-09,7.2,,1.3,290,31.8
2019-03-10,10.1,,1.2,50,26.4
2019-03-11,6.6,0,1.8,230,61
2019-03-12,3.9,0,2.7,270,55.1
2019-03-13,3.5,0,3.3,270,38.5
2019-03-14,5,0,1.9,200,45.3
2019-03-15,5.5,3.5,1.6,270,72.8
2019-03-16,4.3,,1.8,290,69.9
2019-03-17,6.3,,2,290,55.4
2019-03-18,7.1,,1.4,270,43.8
2019-03-19,10,,1.4,20,52
2019-03-20,10.3,16.5,1.4,90,79
2019-03-21,7.1,3.3,2.9,270,77.4
2019-03-22,3.3,,2.8,290,40.9
2019-03-23,3.3,1.7,2.4,320,46.9
2019-03-24,4.3,,2.3,230,45.4
2019-03-25,7.3,,2,230,56.1
2019-03-26,11.4,,2,270,51.1
2019-03-27,11.6,,3,200,66.4
2019-03-28,9.4,,2.6,270,49.9
2019-03-29,9.2,,2.1,320,33.1
2019-03-30,5.2,1.8,2.9,270,72
2019-03-31,4.4,0,3.2,290,46
2019-04-01,5.5,,2.5,270,39.8
2019-04-02,6.7,,2.2,290,36.9
2019-04-03,7.6,,2.3,290,36.1
2019-04-04,9.2,,2.5,270,43
2019-04-05,11.4,0,2.9,230,41
2019-04-06,9.3,0.8,1.1,50,39.9
2019-04-07,12.6,,1.7,290,43.1
2019-04-08,11.6,,2.5,290,25.6
2019-04-09,9.2,17.4,2.4,70,49.1
2019-04-10,7.1,5.6,1.8,90,78.4
2019-04-11,9.5,,1.9,290,58
2019-04-12,11.4,,2.2,290,48.5
2019-04-13,11.8,,1.8,270,34
2019-04-14,9.6,1.7,2.2,270,45.5
2019-04-15,11.6,,1.8,270,30.9
2019-04-16,14.9,,1.6,290,26.3
2019-04-17,15.3,,1.9,270,37.5
2019-04-18,12.6,0,2,270,74.4
2019-04-19,13.8,,1.6,70,57.5
2019-04-20,14.3,1.2,1.9,290,66.9
2019-04-21,14.8,0.3,1.9,290,77.8
2019-04-22,19.3,,1.4,270,50.6
2019-04-23,20.4,0,1.3,270,52
2019-04-24,19.5,4.1,1.6,290,70.4
2019-04-25,13.2,11.3,2,70,75.9
2019-04-26,8.4,4.9,1.5,20,82.1
2019-04-27,11.6,,1.7,290,52.6
2019-04-28,12.9,0,1.6,290,48.8
2019-04-29,13,,0.9,50,52.9
2019-04-30,15.5,,1.6,270,52.8
2019-05-01,16.4,,2.3,270,48.9
2019-05-02,17.1,,2.3,290,28.5
2019-05-03,17.9,,1.6,290,37.5
2019-05-04,19.5,,1.7,290,40.4
2019-05-05,19.2,,2.2,270,35.8
2019-05-06,14.5,0,3.1,290,27.1
2019-05-07,15,,2.3,250,33.4
2019-05-08,15.6,,2.3,200,48.3
2019-05-09,16.6,,2.2,270,43.3
2019-05-10,17.8,,1.9,270,48
2019-05-11,20.3,,1.8,290,39
2019-05-12,21.6,,1.5,270,36
2019-05-13,18.7,0,1.6,290,43.4
2019-05-14,19.6,,1.6,270,44.5
2019-05-15,20.7,,1.7,290,48.1
2019-05-16,23.5,,1.5,270,43.8
2019-05-17,23.6,,1.2,70,44.9
2019-05-18,22.8,0,2.1,110,46.8
2019-05-19,19.4,22,1.2,70,93
2019-05-20,16.4,8.7,3.4,270,63.6
2019-05-21,17.2,,2.9,200,52
2019-05-22,19.5,,2.4,230,46
2019-05-23,22.1,,1.7,270,45
2019-05-24,24.2,,1.7,290,46.4
2019-05-25,23.4,,1.6,200,45.6
2019-05-26,24.5,,1.8,270,39
2019-05-27,17.8,7.1,2.4,140,80.9
2019-05-28,18.1,,2.6,270,45.9
2019-05-29,20.3,,2,290,48.4
2019-05-30,19.6,0,2.4,200,48
2019-05-31,19.1,,2.8,290,49.6
2019-06-01,18.9,,1.9,270,60.5
2019-06-02,21.1,,1.7,290,42.1
2019-06-03,23.1,,1.8,160,42.9
2019-06-04,22.6,,2.2,290,56.4
2019-06-05,23,,1.8,270,63.8
2019-06-06,21.2,7.5,1.2,90,75.9
2019-06-07,20,35.3,1.9,50,77.3
2019-06-08,21.9,,1.4,50,57.5
2019-06-09,21.6,2.5,1.8,290,66.1
2019-06-10,18.4,9.5,1.6,70,70.3
2019-06-11,20.5,,1.4,50,51.1
2019-06-12,21.5,,1.8,290,57.1
2019-06-13,23,,1.7,290,51.9
2019-06-14,23,,1.8,290,54.8
2019-06-15,21.9,2.1,2.4,290,61.5
2019-06-16,22,,1.6,50,55.4
2019-06-17,21.7,0,2.3,290,59.1
2019-06-18,20.8,13.8,1.5,250,78.6
2019-06-19,21.4,0.2,1.9,270,77.8
2019-06-20,22.7,,1.9,270,70.6
2019-06-21,22.1,0.2,1.7,290,72.9
2019-06-22,24.2,,1.5,70,42.3
2019-06-23,25,,1.8,50,40.4
2019-06-24,25.2,,2,270,46.9
2019-06-25,25.6,,1.6,290,49.1
2019-06-26,25.5,0,1.3,50,52.6
2019-06-27,25.5,1.4,1.4,50,70.5
2019-06-28,24.7,0,1.7,290,67.3
2019-06-29,23.1,1.5,1.2,50,72
2019-06-30,23.9,0,2.3,200,73.5
2019-07-01,23.9,,2.3,270,64.4
2019-07-02,24.4,,2.3,270,63.5
2019-07-03,24.1,,1.7,290,64.6
2019-07-04,25.4,,1.9,290,59.6
2019-07-05,27.6,0,1.5,20,42.1
2019-07-06,29.7,,1.7,90,40.9
2019-07-07,26.7,,2.2,90,43.3
2019-07-08,25.1,,2,70,46.6
2019-07-09,25,,1.8,90,46.4
2019-07-10,22.7,8.5,2,70,64.1
2019-07-11,21.9,2.9,1.3,50,76.9
2019-07-12,23.6,,2,290,65.5
2019-07-13,24.9,0,1.7,290,67.3
2019-07-14,25.9,,1.6,290,64.6
2019-07-15,23.8,7.7,1.1,50,80
2019-07-16,24.7,6.3,1.3,50,79
2019-07-17,25.6,0.7,1.2,270,73.9
2019-07-18,26.9,,1.2,290,65
2019-07-19,28.6,0,1.5,90,61.3
2019-07-20,28,1.1,2.1,90,66.9
2019-07-21,25.1,6.2,2.2,230,87.1
2019-07-22,26.7,0.1,2.2,200,74.6
2019-07-23,28.1,,1.7,230,70.8
2019-07-24,26.5,1,1.6,200,82.3
2019-07-25,26.3,9.7,1.2,200,90.1
2019-07-26,25.1,60,1.7,200,95.3
2019-07-27,28.4,0.6,1.3,140,76.6
2019-07-28,26.1,25.6,2.2,200,88.3
2019-07-29,27.5,0.5,2.6,200,74.5
2019-07-30,28.1,1.2,3.4,200,75.3
2019-07-31,25.8,62.3,2.2,200,91.1
2019-08-01,26.3,26.9,1.7,270,86.4
2019-08-02,28.4,,1.2,270,74.6
2019-08-03,29.4,3,1.3,50,69
2019-08-04,28.3,8.6,1.2,50,75.9
2019-08-05,30.5,,1.1,340,65.5
2019-08-06,31.6,,1.5,70,51.4
2019-08-07,26.9,8,1.2,290,78.1
2019-08-08,28.9,0,1.6,290,71.4
2019-08-09,29.8,,1.3,290,69
2019-08-10,31.5,,1.5,90,57.9
2019-08-11,30.4,6.7,2.5,90,53.6
2019-08-12,26.6,56.2,1.3,70,91.8
2019-08-13,29.2,6.4,1.5,270,76.9
2019-08-14,30.4,,1.5,70,63.9
2019-08-15,25.9,16.2,1.3,50,82
2019-08-16,25.9,0.1,2.2,270,74.5
2019-08-17,25.9,0,2.5,270,69.5
2019-08-18,25.6,,1.7,270,66.5
2019-08-19,26.3,,1.1,50,60.6
2019-08-20,28.2,,1.5,70,56.3
2019-08-21,27,1.3,1.2,50,67.3
2019-08-22,26.9,,1.7,270,66.5
2019-08-23,26.2,,2.1,270,58.4
2019-08-24,24.1,,1.5,270,60.9
2019-08-25,25,,1.5,50,66.6
2019-08-26,26.4,,1.2,50,63.8
2019-08-27,25.7,20,1,290,71.1
2019-08-28,26.1,,1.9,270,66.2
2019-08-29,23.4,36.9,2.2,160,77.1
2019-08-30,22.6,0.2,2.4,200,66.3
2019-08-31,23.5,,1.9,230,65
