날짜,pm10,pm2.5,오존,이산화질소,일산화탄소,아황산가스
2014-05-16,51,21,0.031,0.037,0.5,0.007
2014-05-17,56,27,0.034,0.046,0.6,0.009
2014-05-18,50,27,0.042,0.036,0.5,0.007
2014-05-19,57,29,0.029,0.046,0.5,0.008
2014-05-20,70,26,0.033,0.038,0.4,0.006
2014-05-21,54,22,0.035,0.025,0.3,0.005
2014-05-22,46,25,0.034,0.039,0.4,0.006
2014-05-23,70,36,0.033,0.037,0.5,0.007
2014-05-24,65,32,0.034,0.034,0.5,0.006
2014-05-25,47,25,0.037,0.021,0.4,0.005
2014-05-26,77,21,0.043,0.023,0.4,0.005
2014-05-27,147,41,0.063,0.028,0.5,0.009
2014-05-28,164,53,0.07,0.036,0.6,0.007
2014-05-29,120,45,0.056,0.037,0.6,0.008
2014-05-30,69,22,0.038,0.049,0.5,0.008
2014-05-31,109,40,0.053,0.045,0.5,0.008
2014-06-01,86,36,0.051,0.03,0.4,0.007
2014-06-02,79,36,0.02,0.046,0.5,0.005
2014-06-03,24,13,0.028,0.024,0.3,0.004
2014-06-04,19,10,0.045,0.014,0.3,0.004
2014-06-05,18,10,0.04,0.019,0.3,0.004
2014-06-06,27,14,0.037,0.025,0.3,0.004
2014-06-07,34,18,0.032,0.035,0.4,0.006
2014-06-08,31,19,0.04,0.018,0.3,0.005
2014-06-09,38,22,0.028,0.032,0.4,0.005
2014-06-10,31,18,0.03,0.031,0.4,0.004
2014-06-11,20,11,0.02,0.029,0.3,0.004
2014-06-12,25,14,0.028,0.025,0.3,0.004
2014-06-13,51,30,0.038,0.028,0.4,0.005
2014-06-14,35,21,0.046,0.024,0.4,0.006
2014-06-15,39,24,0.054,0.019,0.3,0.005
2014-06-16,33,19,0.032,0.031,0.4,0.006
2014-06-17,69,44,0.046,0.033,0.6,0.007
2014-06-18,54,34,0.05,0.025,0.5,0.005
2014-06-19,48,29,0.039,0.02,0.4,0.004
2014-06-20,50,30,0.037,0.024,0.5,0.004
2014-06-21,24,15,0.035,0.021,0.4,0.004
2014-06-22,20,13,0.033,0.019,0.4,0.004
2014-06-23,30,18,0.022,0.032,0.5,0.004
2014-06-24,38,22,0.03,0.028,0.4,0.005
2014-06-25,47,29,0.035,0.031,0.5,0.005
2014-06-26,45,28,0.037,0.026,0.4,0.005
2014-06-27,32,20,0.03,0.023,0.3,0.004
2014-06-28,35,21,0.053,0.016,0.3,0.005
2014-06-29,31,19,0.05,0.019,0.4,0.005
2014-06-30,32,20,0.037,0.03,0.4,0.006
2014-07-01,42,28,0.046,0.031,0.5,0.006
2014-07-02,68,40,0.047,0.025,0.5,0.006
2014-07-03,22,14,0.027,0.02,0.4,0.004
2014-07-04,18,11,0.034,0.022,0.3,0.004
2014-07-05,30,18,0.027,0.038,0.4,0.005
2014-07-06,23,16,0.029,0.023,0.3,0.004
2014-07-07,31,18,0.044,0.028,0.4,0.004
2014-07-08,27,17,0.027,0.029,0.4,0.005
2014-07-09,20,11,0.011,0.024,0.4,0.004
2014-07-10,30,15,0.028,0.019,0.3,0.004
2014-07-11,57,33,0.06,0.022,0.6,0.007
2014-07-12,68,43,0.053,0.021,0.5,0.006
2014-07-13,52,32,0.039,0.016,0.4,0.005
2014-07-14,72,45,0.049,0.019,0.5,0.006
2014-07-15,84,51,0.049,0.023,0.5,0.005
2014-07-16,48,29,0.041,0.023,0.4,0.005
2014-07-17,21,13,0.027,0.021,0.3,0.005
2014-07-18,15,10,0.026,0.025,0.3,0.005
2014-07-19,42,27,0.023,0.023,0.3,0.005
2014-07-20,52,32,0.034,0.019,0.4,0.005
2014-07-21,50,31,0.023,0.025,0.4,0.006
2014-07-22,18,11,0.007,0.015,0.3,0.005
2014-07-23,17,10,0.013,0.028,0.4,0.004
2014-07-24,11,7,0.02,0.029,0.4,0.004
2014-07-25,16,8,0.014,0.021,0.3,0.004
2014-07-26,34,20,0.047,0.013,0.4,0.004
2014-07-27,75,50,0.064,0.018,0.5,0.004
2014-07-28,60,39,0.041,0.031,0.6,0.004
2014-07-29,37,24,0.042,0.025,0.4,0.005
2014-07-30,26,16,0.024,0.023,0.4,0.004
2014-07-31,26,16,0.014,0.028,0.4,0.005
2014-08-01,16,9,0.018,0.022,0.3,0.004
2014-08-02,12,7,0.02,0.013,0.2,0.004
2014-08-03,9,5,0.021,0.012,0.2,0.004
2014-08-04,11,7,0.019,0.021,0.3,0.004
2014-08-05,46,29,0.032,0.022,0.4,0.005
2014-08-06,43,26,0.028,0.033,0.5,0.004
2014-08-07,38,21,0.013,0.037,0.5,0.004
2014-08-08,19,10,0.028,0.018,0.3,0.004
2014-08-09,19,12,0.044,0.014,0.3,0.004
2014-08-10,11,6,0.03,0.013,0.3,0.004
2014-08-11,24,13,0.027,0.02,0.3,0.004
2014-08-12,57,37,0.049,0.023,0.4,0.005
2014-08-13,68,43,0.019,0.035,0.6,0.005
2014-08-14,26,16,0.021,0.029,0.4,0.004
2014-08-15,30,18,0.028,0.027,0.4,0.004
2014-08-16,37,21,0.029,0.028,0.4,0.005
2014-08-17,29,17,0.016,0.028,0.4,0.004
2014-08-18,10,6,0.022,0.018,0.3,0.004
2014-08-19,16,9,0.012,0.03,0.4,0.004
2014-08-20,31,17,0.013,0.036,0.5,0.005
2014-08-21,15,9,0.013,0.027,0.4,0.004
2014-08-22,67,43,0.038,0.025,0.6,0.006
2014-08-23,72,45,0.033,0.025,0.6,0.006
2014-08-24,55,34,0.032,0.027,0.5,0.005
2014-08-25,41,26,0.027,0.022,0.5,0.004
2014-08-26,12,7,0.032,0.021,0.3,0.004
2014-08-27,9,5,0.022,0.019,0.3,0.004
2014-08-28,17,9,0.025,0.025,0.3,0.004
2014-08-29,25,14,0.024,0.034,0.4,0.004
2014-08-30,21,12,0.027,0.026,0.4,0.004
2014-08-31,23,14,0.023,0.029,0.4,0.004
2014-09-01,29,18,0.027,0.036,0.5,0.004
2014-09-02,19,11,0.017,0.029,0.4,0.004
2014-09-03,6,4,0.019,0.022,0.3,0.004
2014-09-04,15,9,0.024,0.024,0.3,0.004
2014-09-05,24,15,0.024,0.033,0.4,0.005
2014-09-06,32,20,0.031,0.029,0.4,0.005
2014-09-07,44,27,0.034,0.024,0.5,0.004
2014-09-08,48,31,0.035,0.02,0.5,0.005
2014-09-09,54,34,0.039,0.02,0.5,0.005
2014-09-10,25,14,0.027,0.03,0.4,0.004
2014-09-11,34,20,0.026,0.031,0.4,0.004
2014-09-12,36,21,0.016,0.042,0.5,0.004
2014-09-13,20,12,0.022,0.026,0.4,0.004
2014-09-14,15,8,0.027,0.019,0.3,0.004
2014-09-15,34,20,0.035,0.026,0.4,0.005
2014-09-16,33,13,0.025,0.029,0.3,0.005
2014-09-17,45,18,0.013,0.038,0.4,0.005
2014-09-18,20,10,0.016,0.03,0.4,0.004
2014-09-19,27,13,0.018,0.041,0.4,0.005
2014-09-20,30,17,0.024,0.039,0.4,0.005
2014-09-21,29,17,0.02,0.036,0.4,0.005
2014-09-22,27,16,0.022,0.035,0.4,0.004
2014-09-23,23,13,0.022,0.032,0.4,0.004
2014-09-24,17,10,0.019,0.027,0.4,0.004
2014-09-25,21,12,0.02,0.036,0.4,0.005
2014-09-26,26,14,0.015,0.032,0.4,0.004
2014-09-27,29,16,0.024,0.027,0.4,0.005
2014-09-28,40,24,0.017,0.029,0.5,0.005
2014-09-29,45,25,0.01,0.037,0.6,0.004
2014-09-30,20,10,0.016,0.021,0.4,0.004
2014-10-01,24,13,0.019,0.024,0.3,0.004
2014-10-02,31,18,0.012,0.033,0.5,0.005
2014-10-03,22,14,0.024,0.021,0.6,0.004
2014-10-04,19,10,0.019,0.021,0.4,0.004
2014-10-05,17,9,0.03,0.014,0.3,0.004
2014-10-06,19,10,0.022,0.024,0.3,0.004
2014-10-07,28,16,0.016,0.035,0.4,0.005
2014-10-08,34,19,0.015,0.046,0.5,0.005
2014-10-09,40,24,0.023,0.045,0.5,0.005
2014-10-10,39,21,0.022,0.031,0.5,0.004
2014-10-11,29,16,0.027,0.023,0.4,0.004
2014-10-12,30,16,0.02,0.03,0.4,0.004
2014-10-13,23,9,0.026,0.015,0.3,0.004
2014-10-14,24,10,0.018,0.024,0.3,0.004
2014-10-15,32,17,0.019,0.038,0.5,0.005
2014-10-16,36,15,0.022,0.029,0.4,0.005
2014-10-17,32,14,0.013,0.04,0.5,0.005
2014-10-18,38,18,0.009,0.049,0.6,0.006
2014-10-19,56,30,0.019,0.043,0.6,0.006
2014-10-20,30,20,0.011,0.037,0.6,0.004
2014-10-21,12,8,0.014,0.025,0.4,0.004
2014-10-22,15,10,0.018,0.022,0.4,0.004
2014-10-23,27,16,0.011,0.039,0.5,0.005
2014-10-24,38,23,0.01,0.045,0.7,0.006
2014-10-25,45,25,0.012,0.043,0.7,0.006
2014-10-26,35,20,0.019,0.027,0.5,0.005
2014-10-27,42,14,0.021,0.024,0.3,0.005
2014-10-28,59,24,0.008,0.048,0.6,0.005
2014-10-29,60,30,0.005,0.069,0.8,0.006
2014-10-30,63,34,0.004,0.077,1,0.006
2014-10-31,42,24,0.011,0.056,0.7,0.005
2014-11-01,38,21,0.019,0.037,0.5,0.005
2014-11-02,56,29,0.036,0.014,0.4,0.005
2014-11-03,37,12,0.02,0.022,0.3,0.005
2014-11-04,29,13,0.008,0.042,0.6,0.005
2014-11-05,32,17,0.011,0.045,0.6,0.006
2014-11-06,54,27,0.016,0.042,0.7,0.007
2014-11-07,50,19,0.008,0.043,0.6,0.006
2014-11-08,62,29,0.003,0.053,0.8,0.006
2014-11-09,58,26,0.018,0.034,0.6,0.006
2014-11-10,56,27,0.01,0.055,0.9,0.006
2014-11-11,69,37,0.009,0.06,0.9,0.006
2014-11-12,41,15,0.024,0.016,0.4,0.005
2014-11-13,77,9,0.022,0.016,0.3,0.004
2014-11-14,30,14,0.011,0.04,0.5,0.006
2014-11-15,33,16,0.012,0.034,0.6,0.006
2014-11-16,44,23,0.009,0.045,0.7,0.007
2014-11-17,31,20,0.017,0.03,0.6,0.005
2014-11-18,35,21,0.013,0.037,0.6,0.005
2014-11-19,53,30,0.008,0.053,0.9,0.006
2014-11-20,62,34,0.007,0.059,1,0.007
2014-11-21,57,32,0.009,0.055,0.8,0.007
2014-11-22,42,25,0.007,0.051,0.7,0.005
2014-11-23,65,34,0.009,0.036,0.7,0.005
2014-11-24,66,35,0.004,0.045,0.8,0.006
2014-11-25,31,17,0.016,0.03,0.6,0.005
2014-11-26,28,16,0.016,0.034,0.5,0.005
2014-11-27,47,25,0.004,0.052,0.9,0.006
2014-11-28,25,16,0.006,0.038,0.6,0.004
2014-11-29,18,11,0.008,0.031,0.6,0.004
2014-11-30,18,11,0.008,0.031,0.6,0.004
2014-12-01,41,11,0.022,0.013,0.4,0.004
2014-12-02,92,13,0.017,0.017,0.4,0.005
2014-12-03,24,12,0.011,0.03,0.5,0.005
2014-12-04,43,13,0.017,0.022,0.4,0.006
2014-12-05,30,11,0.019,0.018,0.4,0.006
2014-12-06,32,12,0.018,0.02,0.4,0.006
2014-12-07,43,19,0.007,0.035,0.6,0.007
2014-12-08,38,20,0.012,0.033,0.6,0.006
2014-12-09,48,24,0.008,0.045,0.8,0.007
2014-12-10,51,29,0.003,0.057,1,0.007
2014-12-11,48,23,0.013,0.027,0.6,0.006
2014-12-12,39,22,0.011,0.034,0.6,0.006
2014-12-13,29,13,0.017,0.018,0.4,0.006
2014-12-14,33,18,0.008,0.034,0.7,0.007
2014-12-15,42,24,0.003,0.042,0.8,0.005
2014-12-16,31,17,0.016,0.02,0.5,0.006
2014-12-17,20,7,0.021,0.014,0.4,0.005
2014-12-18,27,15,0.013,0.033,0.6,0.006
2014-12-19,42,24,0.003,0.05,0.9,0.006
2014-12-20,27,15,0.014,0.027,0.5,0.006
2014-12-21,20,11,0.013,0.021,0.5,0.005
2014-12-22,28,17,0.007,0.039,0.7,0.006
2014-12-23,42,25,0.003,0.055,1.1,0.007
2014-12-24,51,29,0.012,0.045,1,0.008
2014-12-25,27,15,0.02,0.021,0.5,0.006
2014-12-26,34,18,0.011,0.036,0.6,0.006
2014-12-27,51,30,0.005,0.053,1,0.007
2014-12-28,54,33,0.004,0.059,1.2,0.007
2014-12-29,111,62,0.006,0.057,1.2,0.012
2014-12-30,106,50,0.01,0.048,1.1,0.009
2014-12-31,37,16,0.015,0.029,0.6,0.006
2015-01-01,66,13,0.019,0.012,0.4,0.005
2015-01-02,29,13,0.016,0.021,0.5,0.006
2015-01-03,37,20,0.006,0.04,0.7,0.007
2015-01-04,42,23,0.005,0.045,0.8,0.007
2015-01-05,76,40,0.004,0.055,1.1,0.008
2015-01-06,39,16,0.021,0.021,0.5,0.005
2015-01-07,34,12,0.019,0.023,0.4,0.006
2015-01-08,44,20,0.01,0.038,0.6,0.006
2015-01-09,49,27,0.006,0.049,0.9,0.007
2015-01-10,37,20,0.011,0.041,0.7,0.008
2015-01-11,44,22,0.018,0.024,0.6,0.008
2015-01-12,43,23,0.011,0.039,0.7,0.007
2015-01-13,58,31,0.005,0.056,1,0.008
2015-01-14,72,38,0.004,0.061,1.1,0.009
2015-01-15,62,33,0.007,0.054,0.9,0.008
2015-01-16,82,45,0.014,0.035,0.8,0.007
2015-01-17,35,17,0.02,0.022,0.4,0.006
2015-01-18,33,17,0.008,0.037,0.6,0.006
2015-01-19,63,32,0.018,0.026,0.7,0.007
2015-01-20,48,25,0.007,0.044,0.7,0.006
2015-01-21,60,32,0.004,0.052,0.9,0.007
2015-01-22,46,25,0.009,0.043,0.8,0.007
2015-01-23,43,25,0.01,0.042,0.8,0.007
2015-01-24,53,29,0.011,0.047,0.7,0.008
2015-01-25,60,34,0.006,0.043,0.8,0.006
2015-01-26,40,26,0.014,0.033,0.7,0.005
2015-01-27,48,25,0.02,0.021,0.5,0.006
2015-01-28,44,18,0.013,0.033,0.5,0.006
2015-01-29,50,26,0.004,0.046,0.8,0.006
2015-01-30,39,19,0.019,0.024,0.5,0.006
2015-01-31,41,19,0.016,0.03,0.5,0.006
2015-02-01,31,17,0.013,0.036,0.6,0.006
2015-02-02,43,23,0.006,0.053,0.8,0.006
2015-02-03,61,33,0.005,0.062,1,0.008
2015-02-04,79,47,0.011,0.057,1.1,0.009
2015-02-05,93,52,0.021,0.04,0.9,0.011
2015-02-06,53,29,0.014,0.045,0.7,0.008
2015-02-07,46,25,0.014,0.044,0.7,0.008
2015-02-08,101,15,0.026,0.01,0.3,0.004
2015-02-09,40,17,0.015,0.028,0.5,0.006
2015-02-10,98,47,0.01,0.046,0.9,0.013
2015-02-11,88,45,0.013,0.048,0.9,0.009
2015-02-12,35,13,0.026,0.02,0.4,0.006
2015-02-13,31,16,0.021,0.029,0.4,0.006
2015-02-14,56,30,0.009,0.052,0.8,0.007
2015-02-15,78,39,0.021,0.041,0.7,0.008
2015-02-16,41,24,0.017,0.037,0.6,0.005
2015-02-17,65,36,0.023,0.025,0.7,0.006
2015-02-18,62,42,0.024,0.024,0.7,0.006
2015-02-19,62,39,0.015,0.037,0.8,0.006
2015-02-20,51,33,0.017,0.039,0.8,0.006
2015-02-21,24,16,0.013,0.037,0.6,0.005
2015-02-22,249,33,0.018,0.023,0.5,0.005
2015-02-23,569,66,0.019,0.023,0.5,0.004
2015-02-24,108,27,0.016,0.034,0.6,0.005
2015-02-25,72,26,0.015,0.041,0.6,0.007
2015-02-26,34,17,0.028,0.018,0.4,0.005
2015-02-27,31,17,0.024,0.02,0.4,0.005
2015-02-28,43,23,0.01,0.042,0.6,0.006
2015-03-01,99,28,0.025,0.022,0.5,0.005
2015-03-02,90,24,0.016,0.038,0.6,0.007
2015-03-03,52,24,0.021,0.036,0.5,0.006
2015-03-04,42,17,0.031,0.015,0.4,0.005
2015-03-05,41,25,0.018,0.035,0.5,0.005
2015-03-06,46,27,0.01,0.051,0.7,0.007
2015-03-07,51,28,0.015,0.052,0.8,0.007
2015-03-08,86,47,0.021,0.052,0.8,0.009
2015-03-09,71,33,0.031,0.025,0.5,0.007
2015-03-10,32,11,0.029,0.013,0.3,0.005
2015-03-11,40,17,0.026,0.025,0.4,0.006
2015-03-12,32,12,0.025,0.026,0.4,0.006
2015-03-13,43,20,0.026,0.031,0.5,0.006
2015-03-14,38,19,0.021,0.037,0.5,0.006
2015-03-15,43,24,0.016,0.047,0.7,0.008
2015-03-16,92,43,0.014,0.06,0.8,0.008
2015-03-17,130,65,0.006,0.08,1.1,0.011
2015-03-18,76,40,0.019,0.04,0.7,0.006
2015-03-19,54,27,0.019,0.042,0.6,0.006
2015-03-20,101,35,0.017,0.055,0.8,0.008
2015-03-21,171,58,0.029,0.055,0.9,0.013
2015-03-22,147,43,0.028,0.031,0.7,0.008
2015-03-23,147,43,0.028,0.031,0.7,0.008
2015-03-24,56,15,0.032,0.018,0.4,0.005
2015-03-25,43,18,0.021,0.035,0.4,0.006
2015-03-26,46,22,0.019,0.048,0.5,0.007
2015-03-27,53,26,0.02,0.05,0.5,0.008
2015-03-28,45,22,0.026,0.049,0.6,0.008
2015-03-29,71,31,0.028,0.032,0.5,0.007
2015-03-30,151,46,0.022,0.047,0.7,0.007
2015-03-31,109,51,0.021,0.047,0.7,0.007
2015-04-01,23,15,0.026,0.023,0.5,0.004
2015-04-02,22,12,0.026,0.02,0.4,0.004
2015-04-03,33,19,0.014,0.032,0.7,0.005
2015-04-04,14,8,0.031,0.02,0.4,0.004
2015-04-05,17,10,0.02,0.024,0.4,0.004
2015-04-06,60,21,0.019,0.027,0.4,0.004
2015-04-07,40,16,0.02,0.024,0.4,0.004
2015-04-08,29,15,0.025,0.026,0.4,0.004
2015-04-09,49,25,0.019,0.048,0.5,0.006
2015-04-10,55,27,0.028,0.043,0.6,0.007
2015-04-11,68,33,0.025,0.048,0.6,0.007
2015-04-12,48,26,0.034,0.032,0.5,0.005
2015-04-13,27,14,0.045,0.015,0.3,0.004
2015-04-14,19,14,0.034,0.027,0.4,0.004
2015-04-15,44,27,0.035,0.032,0.5,0.006
2015-04-16,78,29,0.029,0.035,0.5,0.006
2015-04-17,69,16,0.027,0.033,0.4,0.005
2015-04-18,57,18,0.015,0.051,0.6,0.006
2015-04-19,29,14,0.024,0.029,0.4,0.004
2015-04-20,14,8,0.032,0.026,0.4,0.004
2015-04-21,43,21,0.024,0.041,0.5,0.006
2015-04-22,71,33,0.036,0.04,0.6,0.008
2015-04-23,63,32,0.03,0.042,0.6,0.007
2015-04-24,72,31,0.044,0.032,0.5,0.006
2015-04-25,59,20,0.022,0.043,0.5,0.006
2015-04-26,58,27,0.038,0.034,0.5,0.008
2015-04-27,63,32,0.04,0.04,0.5,0.008
2015-04-28,48,24,0.024,0.046,0.5,0.006
2015-04-29,42,26,0.018,0.033,0.4,0.005
2015-04-30,31,18,0.025,0.035,0.4,0.005
2015-05-01,42,24,0.029,0.04,0.5,0.006
2015-05-02,37,23,0.025,0.034,0.4,0.006
2015-05-03,25,17,0.018,0.021,0.4,0.004
2015-05-04,49,15,0.028,0.019,0.3,0.004
2015-05-05,38,12,0.032,0.023,0.3,0.006
2015-05-06,45,15,0.028,0.039,0.4,0.007
2015-05-07,42,17,0.024,0.045,0.5,0.006
2015-05-08,54,27,0.027,0.039,0.5,0.007
2015-05-09,40,20,0.038,0.027,0.4,0.006
2015-05-10,40,18,0.03,0.028,0.4,0.005
2015-05-11,41,19,0.029,0.029,0.4,0.005
2015-05-12,38,16,0.038,0.016,0.4,0.005
2015-05-13,66,22,0.046,0.022,0.4,0.006
2015-05-14,57,27,0.044,0.026,0.4,0.006
2015-05-15,97,47,0.036,0.03,0.6,0.006
2015-05-16,50,24,0.038,0.032,0.5,0.006
2015-05-17,53,30,0.045,0.029,0.5,0.007
2015-05-18,42,21,0.029,0.037,0.4,0.006
2015-05-19,49,29,0.036,0.025,0.5,0.005
2015-05-20,40,17,0.031,0.023,0.4,0.005
2015-05-21,42,21,0.037,0.031,0.4,0.007
2015-05-22,51,26,0.039,0.037,0.5,0.008
2015-05-23,42,21,0.034,0.039,0.5,0.006
2015-05-24,31,16,0.037,0.029,0.4,0.005
2015-05-25,41,23,0.034,0.033,0.4,0.007
2015-05-26,39,21,0.028,0.039,0.4,0.006
2015-05-27,36,20,0.028,0.047,0.4,0.005
2015-05-28,41,21,0.039,0.046,0.4,0.006
2015-05-29,47,25,0.029,0.046,0.4,0.007
2015-05-30,38,23,0.024,0.03,0.3,0.005
2015-05-31,42,25,0.035,0.026,0.4,0.005
2015-06-01,37,21,0.035,0.037,0.4,0.008
2015-06-02,36,21,0.036,0.033,0.4,0.006
2015-06-03,42,14,0.038,0.015,0.3,0.004
2015-06-04,39,17,0.037,0.037,0.5,0.006
2015-06-05,31,17,0.032,0.033,0.4,0.005
2015-06-06,31,17,0.043,0.023,0.3,0.005
2015-06-07,31,18,0.05,0.017,0.4,0.005
2015-06-08,37,22,0.038,0.026,0.4,0.006
2015-06-09,43,26,0.036,0.021,0.4,0.005
2015-06-10,48,27,0.039,0.033,0.4,0.005
2015-06-11,40,24,0.034,0.027,0.4,0.005
2015-06-12,44,25,0.046,0.022,0.4,0.005
2015-06-13,73,34,0.048,0.023,0.5,0.006
2015-06-14,30,18,0.05,0.015,0.4,0.004
2015-06-15,37,23,0.041,0.025,0.4,0.004
2015-06-16,47,28,0.035,0.032,0.5,0.005
2015-06-17,44,28,0.036,0.03,0.5,0.005
2015-06-18,27,17,0.037,0.018,0.3,0.004
2015-06-19,23,14,0.04,0.019,0.3,0.004
2015-06-20,38,24,0.024,0.029,0.5,0.005
2015-06-21,22,13,0.035,0.019,0.4,0.004
2015-06-22,30,19,0.031,0.032,0.4,0.006
2015-06-23,33,22,0.041,0.028,0.4,0.006
2015-06-24,40,26,0.041,0.031,0.5,0.006
2015-06-25,39,26,0.032,0.029,0.4,0.005
2015-06-26,11,8,0.035,0.015,0.3,0.004
2015-06-27,12,8,0.036,0.017,0.3,0.004
2015-06-28,23,13,0.035,0.022,0.4,0.005
2015-06-29,23,15,0.038,0.024,0.3,0.006
2015-06-30,31,19,0.031,0.027,0.4,0.005
2015-07-01,34,19,0.04,0.017,0.4,0.005
2015-07-02,50,31,0.05,0.017,0.5,0.005
2015-07-03,38,22,0.033,0.022,0.4,0.005
2015-07-04,30,18,0.039,0.026,0.4,0.005
2015-07-05,33,20,0.041,0.021,0.4,0.006
2015-07-06,29,17,0.033,0.027,0.4,0.005
2015-07-07,33,20,0.03,0.03,0.4,0.005
2015-07-08,9,5,0.032,0.015,0.3,0.004
2015-07-09,11,6,0.028,0.016,0.3,0.004
2015-07-10,20,12,0.028,0.026,0.4,0.004
2015-07-11,26,17,0.03,0.031,0.4,0.004
2015-07-12,9,6,0.011,0.011,0.3,0.004
2015-07-13,31,21,0.03,0.014,0.4,0.004
2015-07-14,63,38,0.048,0.025,0.5,0.005
2015-07-15,47,29,0.034,0.023,0.5,0.005
2015-07-16,11,5,0.027,0.011,0.2,0.004
2015-07-17,11,5,0.025,0.015,0.2,0.004
2015-07-18,28,18,0.025,0.024,0.3,0.005
2015-07-19,24,16,0.029,0.018,0.4,0.004
2015-07-20,21,13,0.012,0.023,0.4,0.004
2015-07-21,26,16,0.013,0.026,0.4,0.004
2015-07-22,32,20,0.018,0.035,0.5,0.005
2015-07-23,27,18,0.015,0.03,0.4,0.005
2015-07-24,15,9,0.012,0.026,0.4,0.004
2015-07-25,19,11,0.013,0.018,0.3,0.004
2015-07-26,17,10,0.013,0.014,0.3,0.004
2015-07-27,26,16,0.008,0.021,0.3,0.005
2015-07-28,34,23,0.022,0.021,0.4,0.005
2015-07-29,38,27,0.023,0.025,0.5,0.005
2015-07-30,69,47,0.043,0.019,0.5,0.005
2015-07-31,57,40,0.041,0.022,0.4,0.005
2015-08-01,47,32,0.035,0.018,0.4,0.005
2015-08-02,30,21,0.031,0.014,0.4,0.004
2015-08-03,27,17,0.02,0.016,0.3,0.006
2015-08-04,25,16,0.02,0.015,0.3,0.005
2015-08-05,31,21,0.032,0.019,0.3,0.005
2015-08-06,33,22,0.027,0.024,0.4,0.005
2015-08-07,38,26,0.031,0.032,0.4,0.004
2015-08-08,32,21,0.022,0.028,0.4,0.004
2015-08-09,20,12,0.024,0.016,0.3,0.004
2015-08-10,29,18,0.022,0.02,0.3,0.005
2015-08-11,57,37,0.026,0.03,0.6,0.005
2015-08-12,51,32,0.035,0.023,0.5,0.005
2015-08-13,38,23,0.025,0.03,0.5,0.005
2015-08-14,38,24,0.034,0.027,0.5,0.005
2015-08-15,65,44,0.048,0.022,0.6,0.005
2015-08-16,65,45,0.041,0.02,0.5,0.005
2015-08-17,25,17,0.034,0.02,0.4,0.004
2015-08-18,21,13,0.033,0.021,0.3,0.004
2015-08-19,35,21,0.027,0.031,0.4,0.005
2015-08-20,35,22,0.018,0.037,0.5,0.006
2015-08-21,30,19,0.019,0.027,0.4,0.005
2015-08-22,37,24,0.035,0.024,0.4,0.005
2015-08-23,38,24,0.04,0.021,0.4,0.005
2015-08-24,28,18,0.03,0.017,0.3,0.004
2015-08-25,7,4,0.018,0.013,0.3,0.004
2015-08-26,10,6,0.02,0.018,0.3,0.005
2015-08-27,21,11,0.03,0.023,0.3,0.005
2015-08-28,28,17,0.017,0.04,0.5,0.005
2015-08-29,31,20,0.028,0.032,0.5,0.005
2015-08-30,33,22,0.035,0.022,0.4,0.005
2015-08-31,32,22,0.034,0.027,0.4,0.004
2015-09-01,24,16,0.034,0.017,0.4,0.004
2015-09-02,25,16,0.023,0.027,0.4,0.004
2015-09-03,24,15,0.026,0.024,0.4,0.004
2015-09-04,33,20,0.027,0.029,0.5,0.005
2015-09-05,31,19,0.019,0.029,0.5,0.004
2015-09-06,13,7,0.03,0.011,0.3,0.004
2015-09-07,13,7,0.025,0.02,0.3,0.004
2015-09-08,12,7,0.026,0.019,0.3,0.004
2015-09-09,16,8,0.027,0.019,0.3,0.004
2015-09-10,29,13,0.023,0.024,0.3,0.004
2015-09-11,37,21,0.022,0.026,0.5,0.005
2015-09-12,21,11,0.021,0.023,0.3,0.004
2015-09-13,21,10,0.029,0.017,0.3,0.004
2015-09-14,31,17,0.024,0.034,0.5,0.005
2015-09-15,25,14,0.023,0.031,0.4,0.004
2015-09-16,16,8,0.027,0.022,0.3,0.004
2015-09-17,12,6,0.027,0.017,0.3,0.004
2015-09-18,19,10,0.025,0.028,0.4,0.004
2015-09-19,32,16,0.021,0.031,0.4,0.004
2015-09-20,48,30,0.03,0.029,0.5,0.005
2015-09-21,47,30,0.026,0.039,0.6,0.005
2015-09-22,40,25,0.03,0.043,0.6,0.005
2015-09-23,41,25,0.014,0.051,0.5,0.005
2015-09-24,37,22,0.022,0.04,0.5,0.005
2015-09-25,37,22,0.03,0.037,0.5,0.005
2015-09-26,49,28,0.03,0.029,0.6,0.005
2015-09-27,34,15,0.023,0.028,0.4,0.004
2015-09-28,31,14,0.026,0.026,0.4,0.004
2015-09-29,23,10,0.03,0.015,0.3,0.004
2015-09-30,18,8,0.023,0.022,0.3,0.004
2015-10-01,15,8,0.017,0.022,0.4,0.004
2015-10-02,29,10,0.024,0.022,0.3,0.005
2015-10-03,42,17,0.037,0.019,0.4,0.005
2015-10-04,28,12,0.023,0.026,0.4,0.004
2015-10-05,28,14,0.014,0.04,0.5,0.004
2015-10-06,31,16,0.014,0.044,0.5,0.005
2015-10-07,46,23,0.013,0.047,0.5,0.005
2015-10-08,52,27,0.022,0.039,0.5,0.005
2015-10-09,33,11,0.027,0.018,0.3,0.005
2015-10-10,22,11,0.021,0.025,0.4,0.004
2015-10-11,16,9,0.016,0.021,0.4,0.004
2015-10-12,18,10,0.017,0.019,0.3,0.004
2015-10-13,31,16,0.015,0.037,0.5,0.005
2015-10-14,48,26,0.012,0.053,0.7,0.005
2015-10-15,59,36,0.016,0.059,0.8,0.006
2015-10-16,70,43,0.016,0.06,0.8,0.006
2015-10-17,59,34,0.017,0.054,0.7,0.005
2015-10-18,76,48,0.026,0.045,0.7,0.005
2015-10-19,98,62,0.022,0.048,0.8,0.006
2015-10-20,97,57,0.019,0.048,0.8,0.006
2015-10-21,117,70,0.021,0.045,0.8,0.006
2015-10-22,81,48,0.016,0.039,0.6,0.005
2015-10-23,52,29,0.016,0.037,0.5,0.005
2015-10-24,35,21,0.022,0.029,0.5,0.004
2015-10-25,30,16,0.02,0.03,0.5,0.004
2015-10-26,31,16,0.012,0.036,0.4,0.004
2015-10-27,36,13,0.022,0.021,0.4,0.004
2015-10-28,31,13,0.018,0.026,0.4,0.005
2015-10-29,23,12,0.016,0.027,0.4,0.004
2015-10-30,28,10,0.019,0.019,0.4,0.004
2015-10-31,32,16,0.013,0.031,0.5,0.005
2015-11-01,41,24,0.005,0.044,0.6,0.005
2015-11-02,52,29,0.01,0.046,0.7,0.006
2015-11-03,71,42,0.013,0.055,0.9,0.006
2015-11-04,86,55,0.009,0.067,0.9,0.008
2015-11-05,81,52,0.012,0.063,0.9,0.006
2015-11-06,48,32,0.021,0.031,0.6,0.004
2015-11-07,10,8,0.022,0.02,0.4,0.003
2015-11-08,5,3,0.023,0.017,0.3,0.003
2015-11-09,13,8,0.013,0.025,0.4,0.003
2015-11-10,46,31,0.007,0.034,0.7,0.004
2015-11-11,42,26,0.005,0.043,0.7,0.004
2015-11-12,16,10,0.012,0.032,0.5,0.004
2015-11-13,13,8,0.012,0.031,0.4,0.004
2015-11-14,12,8,0.008,0.034,0.5,0.004
2015-11-15,19,12,0.009,0.031,0.5,0.004
2015-11-16,28,17,0.003,0.035,0.6,0.004
2015-11-17,20,12,0.011,0.03,0.6,0.004
2015-11-18,10,6,0.017,0.021,0.4,0.004
2015-11-19,15,8,0.009,0.028,0.4,0.004
2015-11-20,38,22,0.008,0.035,0.6,0.005
2015-11-21,51,33,0.01,0.041,0.8,0.005
2015-11-22,31,20,0.011,0.03,0.6,0.004
2015-11-23,8,5,0.014,0.023,0.4,0.003
2015-11-24,24,16,0.013,0.024,0.5,0.004
2015-11-25,12,9,0.015,0.023,0.4,0.004
2015-11-26,34,24,0.023,0.017,0.4,0.005
2015-11-27,39,26,0.018,0.025,0.5,0.005
2015-11-28,44,28,0.008,0.04,0.6,0.005
2015-11-29,39,29,0.005,0.035,0.6,0.004
2015-11-30,43,29,0.01,0.037,0.7,0.006
2015-12-01,52,32,0.004,0.049,1,0.006
2015-12-02,52,31,0.009,0.04,0.9,0.006
2015-12-03,20,12,0.016,0.019,0.4,0.004
2015-12-04,39,15,0.015,0.027,0.5,0.004
2015-12-05,34,16,0.014,0.033,0.6,0.005
2015-12-06,34,19,0.011,0.034,0.6,0.006
2015-12-07,51,29,0.004,0.049,0.8,0.005
2015-12-08,63,36,0.003,0.065,1,0.007
2015-12-09,69,39,0.003,0.064,1.1,0.007
2015-12-10,47,28,0.003,0.048,0.9,0.006
2015-12-11,33,21,0.015,0.029,0.6,0.005
2015-12-12,31,16,0.015,0.035,0.6,0.005
2015-12-13,42,25,0.007,0.045,0.8,0.006
2015-12-14,47,29,0.003,0.046,0.8,0.005
2015-12-15,54,33,0.013,0.031,0.7,0.005
2015-12-16,28,13,0.021,0.016,0.4,0.005
2015-12-17,20,11,0.016,0.018,0.4,0.004
2015-12-18,42,23,0.004,0.043,0.8,0.006
2015-12-19,62,36,0.004,0.048,1,0.006
2015-12-20,56,35,0.004,0.05,1,0.006
2015-12-21,52,34,0.004,0.044,0.8,0.005
2015-12-22,65,40,0.004,0.044,0.8,0.005
2015-12-23,60,37,0.005,0.05,0.9,0.006
2015-12-24,98,61,0.012,0.041,0.9,0.007
2015-12-25,29,16,0.017,0.027,0.5,0.006
2015-12-26,75,40,0.012,0.035,0.8,0.006
2015-12-27,29,16,0.019,0.02,0.4,0.005
2015-12-28,27,15,0.014,0.027,0.5,0.005
2015-12-29,57,32,0.004,0.052,1,0.007
2015-12-30,60,36,0.004,0.05,0.8,0.006
2015-12-31,64,43,0.007,0.042,0.8,0.006
2016-01-01,68,45,0.006,0.047,1,0.006
2016-01-02,51,31,0.009,0.044,0.7,0.006
2016-01-03,96,58,0.013,0.049,0.9,0.007
2016-01-04,74,47,0.025,0.025,0.6,0.006
2016-01-05,32,16,0.016,0.025,0.4,0.006
2016-01-06,56,29,0.008,0.041,0.7,0.007
2016-01-07,39,20,0.016,0.026,0.5,0.006
2016-01-08,34,18,0.014,0.03,0.5,0.006
2016-01-09,37,19,0.014,0.032,0.5,0.006
2016-01-10,32,19,0.02,0.026,0.5,0.006
2016-01-11,40,21,0.017,0.028,0.5,0.006
2016-01-12,49,24,0.012,0.035,0.6,0.006
2016-01-13,38,20,0.014,0.032,0.5,0.005
2016-01-14,43,21,0.011,0.037,0.6,0.006
2016-01-15,51,29,0.007,0.049,0.7,0.006
2016-01-16,69,43,0.005,0.049,0.8,0.006
2016-01-17,69,46,0.007,0.047,0.9,0.006
2016-01-18,56,32,0.021,0.023,0.6,0.005
2016-01-19,33,13,0.024,0.015,0.4,0.005
2016-01-20,38,22,0.014,0.031,0.5,0.005
2016-01-21,51,30,0.011,0.039,0.7,0.006
2016-01-22,50,27,0.014,0.034,0.6,0.006
2016-01-23,32,14,0.026,0.015,0.4,0.005
2016-01-24,38,19,0.024,0.015,0.4,0.006
2016-01-25,50,17,0.014,0.033,0.5,0.006
2016-01-26,78,37,0.005,0.055,0.9,0.008
2016-01-27,63,31,0.012,0.047,0.8,0.007
2016-01-28,58,31,0.005,0.056,0.9,0.006
2016-01-29,50,26,0.009,0.043,0.7,0.007
2016-01-30,40,24,0.009,0.042,0.8,0.006
2016-01-31,39,21,0.025,0.02,0.5,0.006
2016-02-01,40,18,0.021,0.025,0.5,0.005
2016-02-02,45,22,0.015,0.038,0.6,0.006
2016-02-03,56,30,0.009,0.054,0.9,0.007
2016-02-04,55,30,0.015,0.043,0.8,0.007
2016-02-05,45,21,0.018,0.035,0.6,0.007
2016-02-06,50,24,0.025,0.023,0.5,0.007
2016-02-07,46,24,0.015,0.034,0.6,0.006
2016-02-08,73,41,0.024,0.031,0.7,0.007
2016-02-09,50,25,0.027,0.02,0.5,0.007
2016-02-10,40,22,0.009,0.045,0.8,0.006
2016-02-11,46,25,0.01,0.05,0.8,0.007
2016-02-12,33,21,0.01,0.042,0.7,0.005
2016-02-13,15,10,0.006,0.035,0.7,0.005
2016-02-14,29,17,0.023,0.014,0.4,0.005
2016-02-15,33,11,0.027,0.018,0.4,0.004
2016-02-16,27,15,0.018,0.029,0.5,0.005
2016-02-17,38,15,0.015,0.036,0.5,0.005
2016-02-18,44,22,0.021,0.038,0.6,0.006
2016-02-19,82,41,0.008,0.046,0.9,0.007
2016-02-20,44,18,0.02,0.031,0.5,0.005
2016-02-21,26,12,0.029,0.019,0.4,0.005
2016-02-22,43,18,0.011,0.042,0.5,0.005
2016-02-23,53,27,0.02,0.029,0.5,0.005
2016-02-24,32,17,0.023,0.026,0.4,0.005
2016-02-25,51,28,0.02,0.034,0.6,0.006
2016-02-26,49,28,0.022,0.036,0.6,0.007
2016-02-27,65,40,0.019,0.04,0.6,0.006
2016-02-28,46,28,0.016,0.041,0.6,0.005
2016-02-29,54,28,0.029,0.02,0.4,0.005
2016-03-01,31,17,0.027,0.024,0.4,0.005
2016-03-02,36,20,0.02,0.036,0.5,0.006
2016-03-03,56,30,0.019,0.044,0.5,0.005
2016-03-04,68,36,0.018,0.046,0.6,0.006
2016-03-05,22,14,0.012,0.032,0.5,0.005
2016-03-06,94,23,0.024,0.023,0.5,0.005
2016-03-07,108,28,0.008,0.049,0.7,0.005
2016-03-08,71,20,0.027,0.023,0.5,0.005
2016-03-09,44,15,0.027,0.018,0.4,0.005
2016-03-10,35,14,0.029,0.017,0.4,0.005
2016-03-11,36,17,0.029,0.023,0.4,0.005
2016-03-12,43,19,0.024,0.032,0.5,0.005
2016-03-13,61,35,0.026,0.035,0.6,0.006
2016-03-14,64,42,0.032,0.029,0.6,0.005
2016-03-15,57,28,0.021,0.046,0.6,0.006
2016-03-16,64,32,0.02,0.053,0.6,0.008
2016-03-17,76,40,0.008,0.074,0.9,0.007
2016-03-18,66,36,0.02,0.056,0.8,0.007
2016-03-19,77,39,0.029,0.035,0.6,0.005
2016-03-20,83,44,0.024,0.042,0.7,0.007
2016-03-21,87,48,0.022,0.051,0.7,0.007
2016-03-22,72,44,0.028,0.044,0.6,0.006
2016-03-23,81,46,0.032,0.03,0.5,0.005
2016-03-24,41,21,0.029,0.027,0.4,0.004
2016-03-25,70,35,0.023,0.042,0.6,0.006
2016-03-26,66,40,0.026,0.042,0.6,0.005
2016-03-27,66,40,0.037,0.035,0.6,0.006
2016-03-28,70,40,0.033,0.048,0.6,0.008
2016-03-29,97,51,0.049,0.035,0.6,0.007
2016-03-30,91,48,0.031,0.039,0.6,0.006
2016-03-31,51,22,0.017,0.057,0.6,0.007
2016-04-01,72,30,0.024,0.061,0.7,0.007
2016-04-02,80,39,0.037,0.05,0.7,0.008
2016-04-03,52,31,0.028,0.029,0.5,0.004
2016-04-04,29,12,0.021,0.033,0.5,0.004
2016-04-05,58,22,0.028,0.038,0.5,0.007
2016-04-06,74,36,0.027,0.05,0.6,0.008
2016-04-07,43,24,0.033,0.03,0.5,0.005
2016-04-08,77,39,0.03,0.034,0.5,0.006
2016-04-09,117,58,0.019,0.041,0.8,0.006
2016-04-10,134,68,0.039,0.031,0.8,0.006
2016-04-11,46,20,0.031,0.031,0.4,0.004
2016-04-12,57,27,0.03,0.035,0.5,0.005
2016-04-13,58,32,0.021,0.045,0.6,0.005
2016-04-14,57,30,0.017,0.042,0.6,0.005
2016-04-15,54,27,0.031,0.039,0.6,0.005
2016-04-16,51,24,0.029,0.04,0.5,0.005
2016-04-17,46,16,0.04,0.015,0.4,0.004
2016-04-18,63,23,0.035,0.025,0.5,0.005
2016-04-19,45,20,0.03,0.031,0.4,0.004
2016-04-20,63,31,0.02,0.047,0.6,0.005
2016-04-21,27,17,0.028,0.031,0.4,0.004
2016-04-22,81,47,0.034,0.031,0.6,0.005
2016-04-23,198,42,0.027,0.032,0.6,0.005
2016-04-24,144,26,0.031,0.031,0.5,0.004
2016-04-25,76,24,0.023,0.051,0.6,0.005
2016-04-26,78,29,0.037,0.039,0.6,0.005
2016-04-27,50,16,0.045,0.021,0.4,0.004
2016-04-28,58,20,0.035,0.033,0.4,0.004
2016-04-29,63,27,0.039,0.033,0.5,0.005
2016-04-30,76,35,0.058,0.027,0.6,0.007
2016-05-01,45,20,0.05,0.024,0.5,0.005
2016-05-02,46,24,0.03,0.03,0.5,0.004
2016-05-03,19,9,0.03,0.015,0.3,0.004
2016-05-04,49,12,0.041,0.018,0.3,0.004
2016-05-05,54,21,0.03,0.036,0.6,0.005
2016-05-06,46,22,0.022,0.032,0.5,0.004
2016-05-07,112,22,0.03,0.026,0.5,0.005
2016-05-08,52,16,0.039,0.027,0.5,0.005
2016-05-09,59,21,0.038,0.033,0.5,0.005
2016-05-10,31,14,0.036,0.022,0.4,0.004
2016-05-11,29,13,0.034,0.027,0.4,0.004
2016-05-12,29,15,0.035,0.03,0.4,0.005
2016-05-13,39,21,0.043,0.024,0.5,0.004
2016-05-14,34,18,0.039,0.03,0.5,0.005
2016-05-15,33,19,0.039,0.02,0.4,0.004
2016-05-16,35,17,0.042,0.021,0.5,0.005
2016-05-17,67,37,0.041,0.041,0.6,0.008
2016-05-18,51,28,0.033,0.045,0.6,0.006
2016-05-19,39,20,0.033,0.041,0.5,0.004
2016-05-20,52,30,0.041,0.048,0.5,0.005
2016-05-21,38,25,0.042,0.036,0.4,0.004
2016-05-22,55,38,0.053,0.033,0.5,0.005
2016-05-23,68,45,0.047,0.041,0.5,0.006
2016-05-24,33,23,0.042,0.023,0.4,0.004
2016-05-25,90,61,0.053,0.024,0.5,0.005
2016-05-26,106,71,0.038,0.038,0.7,0.006
2016-05-27,91,54,0.037,0.038,0.6,0.005
2016-05-28,77,39,0.039,0.037,0.5,0.006
2016-05-29,82,42,0.045,0.032,0.6,0.007
2016-05-30,92,54,0.052,0.032,0.6,0.006
2016-05-31,78,46,0.044,0.028,0.5,0.006
2016-06-01,41,22,0.039,0.025,0.4,0.004
2016-06-02,36,18,0.039,0.031,0.4,0.005
2016-06-03,46,25,0.043,0.034,0.4,0.005
2016-06-04,52,28,0.033,0.036,0.5,0.004
2016-06-05,50,28,0.047,0.028,0.4,0.004
2016-06-06,22,13,0.044,0.018,0.3,0.004
2016-06-07,42,26,0.033,0.029,0.4,0.005
2016-06-08,38,24,0.027,0.028,0.4,0.004
2016-06-09,53,31,0.028,0.034,0.4,0.005
2016-06-10,60,36,0.034,0.039,0.5,0.006
2016-06-11,48,31,0.026,0.023,0.4,0.005
2016-06-12,30,20,0.024,0.016,0.3,0.004
2016-06-13,63,36,0.031,0.028,0.5,0.004
2016-06-14,51,31,0.035,0.033,0.5,0.005
2016-06-15,36,23,0.029,0.024,0.4,0.004
2016-06-16,31,19,0.043,0.019,0.4,0.004
2016-06-17,54,36,0.054,0.025,0.5,0.005
2016-06-18,66,45,0.048,0.031,0.6,0.005
2016-06-19,40,28,0.035,0.024,0.5,0.004
2016-06-20,52,35,0.043,0.03,0.5,0.005
2016-06-21,62,42,0.046,0.042,0.6,0.005
2016-06-22,70,48,0.034,0.038,0.6,0.005
2016-06-23,44,30,0.036,0.029,0.5,0.005
2016-06-24,55,32,0.032,0.027,0.4,0.004
2016-06-25,33,17,0.04,0.021,0.4,0.005
2016-06-26,31,18,0.041,0.019,0.4,0.005
2016-06-27,35,21,0.034,0.034,0.4,0.006
2016-06-28,61,41,0.04,0.034,0.5,0.005
2016-06-29,36,24,0.039,0.03,0.4,0.005
2016-06-30,30,20,0.028,0.022,0.4,0.004
2016-07-01,21,14,0.018,0.024,0.3,0.004
2016-07-02,14,9,0.029,0.019,0.3,0.004
2016-07-03,41,29,0.043,0.019,0.4,0.004
2016-07-04,21,14,0.021,0.025,0.4,0.003
2016-07-05,13,8,0.012,0.019,0.4,0.004
2016-07-06,18,9,0.023,0.024,0.4,0.004
2016-07-07,42,26,0.025,0.038,0.5,0.006
2016-07-08,56,36,0.034,0.032,0.5,0.004
2016-07-09,39,23,0.029,0.026,0.4,0.004
2016-07-10,35,22,0.03,0.028,0.4,0.005
2016-07-11,54,36,0.039,0.035,0.5,0.005
2016-07-12,38,27,0.026,0.03,0.4,0.006
2016-07-13,30,17,0.014,0.025,0.3,0.005
2016-07-14,29,17,0.03,0.023,0.3,0.004
2016-07-15,18,10,0.026,0.02,0.3,0.004
2016-07-16,9,5,0.018,0.017,0.3,0.004
2016-07-17,14,9,0.021,0.015,0.3,0.004
2016-07-18,28,16,0.018,0.025,0.4,0.005
2016-07-19,36,21,0.036,0.03,0.4,0.004
2016-07-20,37,23,0.037,0.028,0.4,0.004
2016-07-21,31,19,0.035,0.025,0.4,0.004
2016-07-22,36,23,0.036,0.024,0.4,0.004
2016-07-23,41,27,0.028,0.024,0.4,0.004
2016-07-24,38,25,0.019,0.019,0.3,0.004
2016-07-25,44,31,0.019,0.023,0.3,0.005
2016-07-26,34,23,0.015,0.019,0.3,0.005
2016-07-27,35,23,0.016,0.019,0.3,0.004
2016-07-28,57,39,0.04,0.02,0.5,0.004
2016-07-29,46,29,0.02,0.031,0.5,0.004
2016-07-30,44,30,0.029,0.023,0.4,0.004
2016-07-31,39,27,0.018,0.017,0.3,0.004
2016-08-01,33,22,0.014,0.021,0.4,0.004
2016-08-02,27,16,0.013,0.025,0.4,0.004
2016-08-03,29,17,0.027,0.028,0.4,0.004
2016-08-04,32,20,0.029,0.027,0.4,0.004
2016-08-05,40,26,0.039,0.03,0.5,0.004
2016-08-06,59,39,0.049,0.03,0.6,0.004
2016-08-07,36,25,0.038,0.022,0.4,0.004
2016-08-08,40,25,0.03,0.023,0.4,0.004
2016-08-09,32,22,0.036,0.027,0.4,0.004
2016-08-10,64,44,0.039,0.027,0.5,0.005
2016-08-11,32,20,0.026,0.023,0.4,0.004
2016-08-12,42,28,0.027,0.024,0.4,0.004
2016-08-13,36,25,0.021,0.019,0.3,0.004
2016-08-14,36,27,0.02,0.014,0.3,0.004
2016-08-15,36,23,0.03,0.018,0.4,0.004
2016-08-16,46,29,0.037,0.027,0.5,0.005
2016-08-17,42,25,0.034,0.027,0.4,0.004
2016-08-18,53,35,0.043,0.033,0.5,0.005
2016-08-19,60,42,0.039,0.037,0.5,0.005
2016-08-20,33,21,0.038,0.023,0.4,0.004
2016-08-21,27,18,0.043,0.017,0.3,0.004
2016-08-22,29,18,0.036,0.023,0.3,0.004
2016-08-23,34,21,0.032,0.028,0.4,0.004
2016-08-24,35,22,0.03,0.029,0.4,0.005
2016-08-25,30,18,0.025,0.026,0.4,0.004
2016-08-26,14,6,0.029,0.015,0.3,0.004
2016-08-27,13,5,0.028,0.016,0.3,0.004
2016-08-28,11,4,0.023,0.011,0.3,0.004
2016-08-29,16,7,0.02,0.018,0.3,0.004
2016-08-30,28,9,0.022,0.017,0.3,0.004
2016-08-31,18,7,0.018,0.018,0.3,0.004
2016-09-01,60,33,0.04,0.027,0.6,0.005
2016-09-02,33,23,0.039,0.02,0.4,0.004
2016-09-03,21,13,0.03,0.024,0.4,0.004
2016-09-04,22,13,0.021,0.022,0.5,0.004
2016-09-05,31,17,0.022,0.026,0.5,0.004
2016-09-06,58,35,0.027,0.031,0.5,0.005
2016-09-07,76,51,0.029,0.03,0.6,0.005
2016-09-08,48,30,0.019,0.035,0.6,0.005
2016-09-09,42,27,0.025,0.032,0.6,0.004
2016-09-10,41,27,0.032,0.029,0.5,0.004
2016-09-11,39,27,0.039,0.02,0.5,0.004
2016-09-12,29,18,0.018,0.026,0.5,0.004
2016-09-13,18,10,0.022,0.025,0.4,0.004
2016-09-14,32,21,0.032,0.024,0.5,0.004
2016-09-15,41,27,0.028,0.023,0.5,0.004
2016-09-16,50,35,0.036,0.022,0.5,0.007
2016-09-17,29,20,0.036,0.013,0.4,0.004
2016-09-18,23,13,0.035,0.011,0.3,0.003
2016-09-19,13,5,0.027,0.014,0.3,0.003
2016-09-20,18,10,0.029,0.017,0.3,0.003
2016-09-21,33,22,0.024,0.026,0.4,0.004
2016-09-22,40,26,0.026,0.03,0.4,0.004
2016-09-23,51,33,0.031,0.037,0.5,0.004
2016-09-24,61,41,0.041,0.038,0.6,0.005
2016-09-25,53,36,0.032,0.035,0.5,0.005
2016-09-26,45,29,0.018,0.04,0.5,0.004
2016-09-27,35,23,0.008,0.037,0.5,0.004
2016-09-28,35,21,0.01,0.03,0.5,0.004
2016-09-29,14,6,0.015,0.017,0.4,0.004
2016-09-30,30,14,0.012,0.03,0.4,0.004
2016-10-01,45,26,0.012,0.037,0.6,0.004
2016-10-02,29,17,0.011,0.026,0.5,0.004
2016-10-03,17,9,0.021,0.019,0.4,0.004
2016-10-04,30,15,0.02,0.025,0.4,0.004
2016-10-05,26,13,0.026,0.02,0.4,0.004
2016-10-06,38,18,0.024,0.023,0.5,0.004
2016-10-07,26,12,0.018,0.024,0.4,0.004
2016-10-08,21,10,0.028,0.016,0.4,0.004
2016-10-09,18,9,0.027,0.012,0.3,0.004
2016-10-10,27,11,0.018,0.028,0.4,0.004
2016-10-11,44,22,0.013,0.042,0.6,0.005
2016-10-12,55,29,0.022,0.027,0.5,0.004
2016-10-13,42,20,0.014,0.038,0.5,0.005
2016-10-14,72,41,0.012,0.048,0.7,0.005
2016-10-15,78,49,0.016,0.047,0.8,0.005
2016-10-16,54,36,0.012,0.035,0.6,0.004
2016-10-17,51,32,0.017,0.032,0.6,0.004
2016-10-18,55,29,0.012,0.039,0.7,0.004
2016-10-19,64,36,0.021,0.05,0.7,0.005
2016-10-20,64,37,0.023,0.041,0.7,0.004
2016-10-21,24,12,0.023,0.023,0.4,0.004
2016-10-22,29,15,0.022,0.024,0.4,0.004
2016-10-23,11,6,0.025,0.014,0.3,0.003
2016-10-24,17,7,0.018,0.024,0.3,0.003
2016-10-25,16,9,0.013,0.027,0.5,0.003
2016-10-26,41,21,0.007,0.034,0.8,0.004
2016-10-27,44,22,0.009,0.032,0.6,0.004
2016-10-28,37,17,0.018,0.026,0.5,0.004
2016-10-29,35,16,0.023,0.019,0.3,0.004
2016-10-30,26,12,0.015,0.028,0.4,0.004
2016-10-31,29,15,0.009,0.034,0.5,0.005
2016-11-01,23,10,0.021,0.02,0.3,0.004
2016-11-02,35,16,0.01,0.038,0.5,0.004
2016-11-03,41,23,0.012,0.043,0.6,0.005
2016-11-04,60,33,0.025,0.038,0.6,0.006
2016-11-05,75,44,0.036,0.033,0.6,0.005
2016-11-06,32,19,0.023,0.023,0.4,0.004
2016-11-07,34,23,0.019,0.027,0.4,0.004
2016-11-08,64,49,0.025,0.019,0.5,0.004
2016-11-09,41,27,0.015,0.031,0.5,0.004
2016-11-10,41,26,0.004,0.044,0.6,0.004
2016-11-11,50,22,0.015,0.035,0.6,0.004
2016-11-12,75,31,0.016,0.042,0.7,0.005
2016-11-13,62,30,0.014,0.04,0.6,0.005
2016-11-14,53,29,0.007,0.044,0.7,0.004
2016-11-15,58,20,0.02,0.023,0.4,0.004
2016-11-16,54,27,0.006,0.044,0.6,0.005
2016-11-17,74,39,0.006,0.051,0.9,0.005
2016-11-18,94,54,0.005,0.056,1,0.006
2016-11-19,56,34,0.011,0.041,0.6,0.005
2016-11-20,44,24,0.019,0.024,0.6,0.004
2016-11-21,62,29,0.008,0.042,0.7,0.004
2016-11-22,43,18,0.02,0.019,0.4,0.004
2016-11-23,38,15,0.016,0.022,0.4,0.004
2016-11-24,27,13,0.019,0.023,0.4,0.005
2016-11-25,39,21,0.008,0.042,0.7,0.005
2016-11-26,54,36,0.003,0.046,0.8,0.005
2016-11-27,71,48,0.004,0.04,0.8,0.005
2016-11-28,81,39,0.015,0.027,0.6,0.005
2016-11-29,40,23,0.007,0.042,0.7,0.005
2016-11-30,46,27,0.003,0.048,0.7,0.006
2016-12-01,50,26,0.02,0.022,0.5,0.005
2016-12-02,37,17,0.01,0.036,0.6,0.005
2016-12-03,54,30,0.006,0.051,0.8,0.006
2016-12-04,81,53,0.003,0.058,1,0.006
2016-12-05,85,56,0.014,0.036,0.8,0.006
2016-12-06,26,12,0.015,0.026,0.4,0.005
2016-12-07,51,27,0.005,0.046,0.7,0.006
2016-12-08,56,34,0.005,0.045,0.8,0.005
2016-12-09,34,23,0.016,0.026,0.5,0.005
2016-12-10,34,21,0.014,0.029,0.5,0.004
2016-12-11,35,22,0.01,0.036,0.7,0.005
2016-12-12,46,29,0.003,0.047,0.8,0.005
2016-12-13,62,40,0.008,0.043,0.9,0.006
2016-12-14,53,30,0.008,0.03,0.6,0.005
2016-12-15,35,17,0.017,0.021,0.4,0.005
2016-12-16,33,17,0.013,0.03,0.5,0.005
2016-12-17,57,35,0.005,0.05,0.9,0.006
2016-12-18,49,33,0.006,0.045,0.8,0.005
2016-12-19,38,24,0.006,0.041,0.7,0.005
2016-12-20,53,34,0.005,0.047,0.9,0.005
2016-12-21,40,25,0.006,0.038,0.7,0.005
2016-12-22,30,21,0.011,0.025,0.6,0.004
2016-12-23,52,36,0.016,0.018,0.5,0.004
2016-12-24,67,51,0.01,0.028,0.7,0.005
2016-12-25,56,42,0.005,0.035,0.9,0.004
2016-12-26,50,33,0.005,0.04,0.9,0.005
2016-12-27,41,27,0.019,0.019,0.5,0.005
2016-12-28,44,25,0.009,0.036,0.6,0.005
2016-12-29,35,16,0.014,0.026,0.5,0.005
2016-12-30,42,24,0.006,0.042,0.7,0.005
2016-12-31,58,40,0.003,0.051,1,0.006
2017-01-01,77,57,0.004,0.046,1,0.005
2017-01-02,110,79,0.016,0.04,0.9,0.006
2017-01-03,79,52,0.013,0.043,0.8,0.006
2017-01-04,55,35,0.009,0.051,0.9,0.006
2017-01-05,36,22,0.011,0.036,0.7,0.005
2017-01-06,20,13,0.013,0.035,0.5,0.004
2017-01-07,54,37,0.005,0.049,0.9,0.005
2017-01-08,31,22,0.015,0.032,0.6,0.004
2017-01-09,59,46,0.027,0.021,0.6,0.005
2017-01-10,31,16,0.023,0.02,0.4,0.005
2017-01-11,24,12,0.015,0.029,0.5,0.005
2017-01-12,30,16,0.017,0.028,0.5,0.005
2017-01-13,30,13,0.022,0.019,0.4,0.004
2017-01-14,44,12,0.024,0.013,0.4,0.004
2017-01-15,27,14,0.016,0.022,0.5,0.004
2017-01-16,47,26,0.006,0.042,0.8,0.005
2017-01-17,68,45,0.003,0.06,1.1,0.007
2017-01-18,99,73,0.005,0.053,1.1,0.007
2017-01-19,102,72,0.007,0.052,1,0.006
2017-01-20,57,40,0.019,0.03,0.6,0.005
2017-01-21,48,34,0.008,0.042,0.7,0.005
2017-01-22,75,27,0.028,0.015,0.5,0.006
2017-01-23,47,35,0.021,0.025,0.5,0.005
2017-01-24,39,28,0.013,0.039,0.6,0.005
2017-01-25,49,36,0.008,0.05,0.8,0.005
2017-01-26,64,48,0.009,0.055,1,0.006
2017-01-27,107,20,0.026,0.016,0.4,0.004
2017-01-28,32,12,0.011,0.033,0.6,0.004
2017-01-29,27,16,0.006,0.037,0.7,0.004
2017-01-30,48,34,0.027,0.016,0.5,0.005
2017-01-31,29,18,0.011,0.036,0.6,0.004
2017-02-01,35,21,0.018,0.031,0.6,0.005
2017-02-02,32,17,0.017,0.033,0.6,0.005
2017-02-03,68,45,0.017,0.046,0.8,0.006
2017-02-04,96,70,0.004,0.061,1.1,0.005
2017-02-05,70,55,0.015,0.037,0.8,0.005
2017-02-06,40,27,0.028,0.021,0.5,0.005
2017-02-07,40,23,0.008,0.041,0.6,0.005
2017-02-08,50,18,0.026,0.017,0.4,0.005
2017-02-09,32,17,0.027,0.015,0.4,0.004
2017-02-10,32,17,0.027,0.015,0.4,0.004
2017-02-11,29,16,0.024,0.019,0.4,0.004
2017-02-12,31,18,0.019,0.029,0.6,0.005
2017-02-13,43,28,0.008,0.049,0.8,0.006
2017-02-14,51,32,0.019,0.038,0.6,0.005
2017-02-15,60,41,0.008,0.059,0.9,0.008
2017-02-16,69,46,0.012,0.056,1,0.007
2017-02-17,46,17,0.029,0.018,0.4,0.004
2017-02-18,31,17,0.027,0.022,0.5,0.005
2017-02-19,43,26,0.019,0.034,0.6,0.005
2017-02-20,43,22,0.03,0.017,0.4,0.004
2017-02-21,46,29,0.013,0.043,0.7,0.005
2017-02-22,40,28,0.008,0.043,0.7,0.004
2017-02-23,34,21,0.033,0.017,0.4,0.005
2017-02-24,28,17,0.023,0.03,0.5,0.005
2017-02-25,46,30,0.019,0.037,0.7,0.006
2017-02-26,47,32,0.023,0.03,0.6,0.005
2017-02-27,38,24,0.014,0.042,0.7,0.005
2017-02-28,42,26,0.015,0.049,0.7,0.006
2017-03-01,57,41,0.02,0.044,0.6,0.006
2017-03-02,33,22,0.03,0.021,0.4,0.004
2017-03-03,43,22,0.019,0.038,0.6,0.005
2017-03-04,51,32,0.013,0.048,0.7,0.005
2017-03-05,67,48,0.024,0.038,0.7,0.005
2017-03-06,36,25,0.032,0.017,0.4,0.004
2017-03-07,33,20,0.034,0.016,0.4,0.004
2017-03-08,43,20,0.029,0.023,0.5,0.004
2017-03-09,46,21,0.027,0.028,0.5,0.005
2017-03-10,44,26,0.022,0.038,0.5,0.005
2017-03-11,62,40,0.017,0.055,0.7,0.007
2017-03-12,89,64,0.025,0.051,0.8,0.007
2017-03-13,61,42,0.033,0.024,0.5,0.004
2017-03-14,49,29,0.031,0.024,0.5,0.004
2017-03-15,41,24,0.022,0.035,0.5,0.004
2017-03-16,63,43,0.021,0.05,0.6,0.005
2017-03-17,74,54,0.021,0.053,0.7,0.005
2017-03-18,72,50,0.026,0.054,0.7,0.007
2017-03-19,74,54,0.026,0.044,0.7,0.005
2017-03-20,97,68,0.009,0.064,0.8,0.006
2017-03-21,99,67,0.029,0.032,0.6,0.006
2017-03-22,51,31,0.028,0.034,0.5,0.005
2017-03-23,72,42,0.026,0.044,0.6,0.006
2017-03-24,59,35,0.02,0.044,0.6,0.005
2017-03-25,64,42,0.023,0.042,0.6,0.006
2017-03-26,60,43,0.031,0.031,0.5,0.006
2017-03-27,73,54,0.033,0.031,0.8,0.005
2017-03-28,81,57,0.02,0.044,0.7,0.005
2017-03-29,55,39,0.034,0.034,0.6,0.005
2017-03-30,66,42,0.025,0.045,0.6,0.005
2017-03-31,49,33,0.02,0.038,0.6,0.004
2017-04-01,23,16,0.03,0.026,0.4,0.004
2017-04-02,46,33,0.034,0.03,0.5,0.004
2017-04-03,77,53,0.033,0.045,0.6,0.006
2017-04-04,73,46,0.033,0.051,0.7,0.006
2017-04-05,48,30,0.02,0.049,0.6,0.005
2017-04-06,26,18,0.024,0.028,0.4,0.004
2017-04-07,42,28,0.02,0.039,0.5,0.004
2017-04-08,62,41,0.021,0.04,0.6,0.005
2017-04-09,40,26,0.031,0.021,0.5,0.004
2017-04-10,27,16,0.034,0.027,0.4,0.004
2017-04-11,56,23,0.035,0.028,0.4,0.004
2017-04-12,64,12,0.039,0.018,0.3,0.004
2017-04-13,69,26,0.036,0.03,0.5,0.006
2017-04-14,56,22,0.046,0.027,0.5,0.005
2017-04-15,66,31,0.045,0.03,0.5,0.006
2017-04-16,60,31,0.032,0.039,0.6,0.006
2017-04-17,47,25,0.023,0.041,0.6,0.005
2017-04-18,41,21,0.026,0.03,0.5,0.004
2017-04-19,83,22,0.029,0.035,0.4,0.005
2017-04-20,83,22,0.029,0.035,0.4,0.005
2017-04-21,68,24,0.029,0.038,0.5,0.005
2017-04-22,62,25,0.031,0.033,0.5,0.004
2017-04-23,49,23,0.044,0.027,0.5,0.005
2017-04-24,42,19,0.041,0.031,0.4,0.005
2017-04-25,59,30,0.043,0.031,0.5,0.005
2017-04-26,44,16,0.04,0.018,0.4,0.004
2017-04-27,45,14,0.038,0.022,0.4,0.005
2017-04-28,64,24,0.037,0.029,0.6,0.007
2017-04-29,63,27,0.039,0.031,0.6,0.006
2017-04-30,91,49,0.071,0.022,0.6,0.008
2017-05-01,92,48,0.057,0.029,0.6,0.005
2017-05-02,99,48,0.043,0.043,0.6,0.006
2017-05-03,70,32,0.055,0.038,0.5,0.005
2017-05-04,64,31,0.036,0.037,0.5,0.005
2017-05-05,56,24,0.038,0.019,0.4,0.005
2017-05-06,194,20,0.041,0.016,0.3,0.004
2017-05-07,92,16,0.043,0.019,0.4,0.005
2017-05-08,173,36,0.044,0.035,0.5,0.007
2017-05-09,125,31,0.023,0.037,0.5,0.006
2017-05-10,43,20,0.032,0.022,0.4,0.004
2017-05-11,71,33,0.033,0.035,0.5,0.006
2017-05-12,74,42,0.036,0.037,0.6,0.006
2017-05-13,50,26,0.041,0.023,0.4,0.004
2017-05-14,59,14,0.043,0.015,0.3,0.004
2017-05-15,44,11,0.033,0.022,0.3,0.004
2017-05-16,35,15,0.032,0.028,0.4,0.005
2017-05-17,39,18,0.033,0.034,0.4,0.006
2017-05-18,48,26,0.045,0.035,0.5,0.006
2017-05-19,47,25,0.045,0.031,0.4,0.006
2017-05-20,38,21,0.039,0.032,0.4,0.006
2017-05-21,32,19,0.039,0.022,0.4,0.005
2017-05-22,43,26,0.032,0.027,0.4,0.005
2017-05-23,35,22,0.018,0.029,0.4,0.005
2017-05-24,26,15,0.026,0.025,0.4,0.004
2017-05-25,38,14,0.038,0.025,0.4,0.005
2017-05-26,24,8,0.036,0.019,0.3,0.004
2017-05-27,33,14,0.039,0.028,0.4,0.005
2017-05-28,45,22,0.051,0.023,0.4,0.005
2017-05-29,69,36,0.06,0.025,0.5,0.007
2017-05-30,49,23,0.041,0.032,0.4,0.006
2017-05-31,38,20,0.029,0.035,0.4,0.005
2017-06-01,38,18,0.037,0.016,0.3,0.004
2017-06-02,29,10,0.039,0.016,0.3,0.004
2017-06-03,31,11,0.038,0.016,0.4,0.004
2017-06-04,29,11,0.043,0.018,0.3,0.004
2017-06-05,26,13,0.047,0.026,0.4,0.004
2017-06-06,21,10,0.04,0.019,0.3,0.004
2017-06-07,16,10,0.026,0.021,0.4,0.003
2017-06-08,44,28,0.054,0.022,0.6,0.004
2017-06-09,60,38,0.056,0.023,0.6,0.005
2017-06-10,49,23,0.044,0.021,0.4,0.004
2017-06-11,29,9,0.036,0.021,0.3,0.004
2017-06-12,31,12,0.046,0.019,0.3,0.004
2017-06-13,36,17,0.032,0.02,0.3,0.004
2017-06-14,44,21,0.038,0.022,0.4,0.004
2017-06-15,52,26,0.044,0.024,0.4,0.005
2017-06-16,68,38,0.06,0.027,0.5,0.006
2017-06-17,52,30,0.062,0.024,0.5,0.007
2017-06-18,45,26,0.047,0.024,0.4,0.005
2017-06-19,53,32,0.036,0.034,0.5,0.005
2017-06-20,53,30,0.043,0.036,0.5,0.005
2017-06-21,58,34,0.039,0.025,0.4,0.005
2017-06-22,38,23,0.038,0.021,0.4,0.004
2017-06-23,44,23,0.038,0.032,0.4,0.004
2017-06-24,42,23,0.02,0.043,0.5,0.006
2017-06-25,36,22,0.036,0.025,0.5,0.004
2017-06-26,27,17,0.034,0.024,0.4,0.004
2017-06-27,30,19,0.039,0.024,0.4,0.004
2017-06-28,48,32,0.042,0.026,0.5,0.005
2017-06-29,51,35,0.04,0.027,0.5,0.005
2017-06-30,54,37,0.041,0.024,0.5,0.004
2017-07-01,43,30,0.034,0.023,0.5,0.004
2017-07-02,26,17,0.019,0.016,0.3,0.004
2017-07-03,23,15,0.028,0.017,0.3,0.004
2017-07-04,34,24,0.034,0.021,0.4,0.004
2017-07-05,40,28,0.044,0.024,0.4,0.004
2017-07-06,48,34,0.045,0.03,0.5,0.005
2017-07-07,22,13,0.015,0.024,0.4,0.004
2017-07-08,26,17,0.021,0.018,0.4,0.004
2017-07-09,26,18,0.023,0.021,0.4,0.004
2017-07-10,14,9,0.015,0.022,0.3,0.004
2017-07-11,39,26,0.035,0.022,0.4,0.004
2017-07-12,47,32,0.041,0.021,0.4,0.004
2017-07-13,50,35,0.04,0.028,0.5,0.004
2017-07-14,48,34,0.036,0.027,0.5,0.005
2017-07-15,20,14,0.022,0.02,0.4,0.004
2017-07-16,17,12,0.019,0.018,0.3,0.004
2017-07-17,23,14,0.018,0.021,0.3,0.004
2017-07-18,26,17,0.026,0.026,0.4,0.004
2017-07-19,38,26,0.041,0.025,0.4,0.004
2017-07-20,52,38,0.041,0.028,0.5,0.005
2017-07-21,59,45,0.056,0.023,0.5,0.005
2017-07-22,57,42,0.041,0.022,0.5,0.005
2017-07-23,49,35,0.034,0.018,0.5,0.004
2017-07-24,34,22,0.016,0.031,0.6,0.004
2017-07-25,27,15,0.024,0.021,0.5,0.004
2017-07-26,18,10,0.039,0.018,0.3,0.004
2017-07-27,28,17,0.027,0.031,0.4,0.004
2017-07-28,30,19,0.012,0.03,0.5,0.004
2017-07-29,16,8,0.025,0.017,0.4,0.004
2017-07-30,22,15,0.039,0.014,0.4,0.004
2017-07-31,22,13,0.011,0.03,0.5,0.004
2017-08-01,22,12,0.024,0.026,0.4,0.004
2017-08-02,36,23,0.038,0.03,0.5,0.004
2017-08-03,24,14,0.035,0.022,0.4,0.004
2017-08-04,27,18,0.044,0.02,0.4,0.004
2017-08-05,31,21,0.04,0.023,0.4,0.004
2017-08-06,25,18,0.031,0.019,0.4,0.004
2017-08-07,33,22,0.045,0.017,0.4,0.004
2017-08-08,42,28,0.049,0.023,0.5,0.005
2017-08-09,33,23,0.035,0.022,0.5,0.004
2017-08-10,8,5,0.023,0.018,0.4,0.003
2017-08-11,11,6,0.022,0.019,0.3,0.004
2017-08-12,11,6,0.022,0.016,0.3,0.004
2017-08-13,10,6,0.02,0.012,0.3,0.004
2017-08-14,9,4,0.011,0.013,0.3,0.004
2017-08-15,7,4,0.01,0.013,0.3,0.003
2017-08-16,7,4,0.012,0.014,0.3,0.004
2017-08-17,12,6,0.012,0.022,0.4,0.003
2017-08-18,26,17,0.019,0.031,0.5,0.005
2017-08-19,25,15,0.023,0.025,0.5,0.003
2017-08-20,11,7,0.021,0.015,0.4,0.003
2017-08-21,14,8,0.017,0.019,0.3,0.004
2017-08-22,17,10,0.022,0.023,0.4,0.005
2017-08-23,20,10,0.008,0.02,0.4,0.004
2017-08-24,21,9,0.016,0.016,0.4,0.004
2017-08-25,26,13,0.025,0.028,0.5,0.005
2017-08-26,25,11,0.029,0.022,0.4,0.004
2017-08-27,23,13,0.018,0.026,0.4,0.004
2017-08-28,29,17,0.016,0.032,0.5,0.004
2017-08-29,18,8,0.026,0.013,0.3,0.004
2017-08-30,25,10,0.016,0.029,0.4,0.005
2017-08-31,35,20,0.027,0.029,0.5,0.004
2017-09-01,23,12,0.026,0.021,0.4,0.004
2017-09-02,26,15,0.028,0.024,0.4,0.004
2017-09-03,31,20,0.04,0.022,0.5,0.004
2017-09-04,27,18,0.029,0.03,0.4,0.004
2017-09-05,24,13,0.01,0.035,0.5,0.004
2017-09-06,27,17,0.011,0.037,0.5,0.004
2017-09-07,35,25,0.029,0.027,0.5,0.004
2017-09-08,49,33,0.03,0.031,0.7,0.005
2017-09-09,58,40,0.033,0.032,0.7,0.005
2017-09-10,50,36,0.024,0.03,0.7,0.004
2017-09-11,22,16,0.027,0.022,0.5,0.003
2017-09-12,25,13,0.023,0.025,0.4,0.004
2017-09-13,23,10,0.024,0.027,0.4,0.004
2017-09-14,27,12,0.023,0.029,0.4,0.004
2017-09-15,15,8,0.028,0.016,0.3,0.003
2017-09-16,10,5,0.026,0.013,0.3,0.003
2017-09-17,9,5,0.026,0.011,0.3,0.003
2017-09-18,19,10,0.026,0.022,0.4,0.004
2017-09-19,62,40,0.046,0.024,0.6,0.005
2017-09-20,24,10,0.027,0.02,0.4,0.004
2017-09-21,28,15,0.025,0.036,0.5,0.004
2017-09-22,31,19,0.034,0.035,0.5,0.005
2017-09-23,52,25,0.031,0.03,0.5,0.005
2017-09-24,62,37,0.039,0.022,0.6,0.004
2017-09-25,44,26,0.027,0.035,0.6,0.004
2017-09-26,45,26,0.032,0.034,0.5,0.004
2017-09-27,40,23,0.022,0.031,0.5,0.004
2017-09-28,23,8,0.028,0.017,0.4,0.004
2017-09-29,21,9,0.024,0.025,0.4,0.005
2017-09-30,34,18,0.026,0.032,0.5,0.005
2017-10-01,32,20,0.018,0.028,0.5,0.004
2017-10-02,19,10,0.029,0.016,0.4,0.004
2017-10-03,35,11,0.026,0.013,0.3,0.004
2017-10-04,21,9,0.025,0.013,0.3,0.004
2017-10-05,14,7,0.024,0.015,0.3,0.004
2017-10-06,11,7,0.024,0.013,0.3,0.004
2017-10-07,9,6,0.021,0.019,0.4,0.003
2017-10-08,18,13,0.024,0.023,0.5,0.005
2017-10-09,25,17,0.026,0.026,0.5,0.006
2017-10-10,28,18,0.013,0.03,0.5,0.004
2017-10-11,11,7,0.02,0.015,0.4,0.003
2017-10-12,21,11,0.011,0.023,0.4,0.004
2017-10-13,27,15,0.017,0.026,0.4,0.004
2017-10-14,22,12,0.022,0.025,0.5,0.004
2017-10-15,21,11,0.023,0.023,0.5,0.004
2017-10-16,30,16,0.018,0.029,0.5,0.004
2017-10-17,38,20,0.018,0.036,0.5,0.004
2017-10-18,24,13,0.019,0.028,0.4,0.004
2017-10-19,18,10,0.02,0.027,0.4,0.004
2017-10-20,31,16,0.016,0.036,0.5,0.004
2017-10-21,38,21,0.017,0.036,0.6,0.004
2017-10-22,25,13,0.027,0.019,0.4,0.004
2017-10-23,24,10,0.025,0.025,0.4,0.004
2017-10-24,31,15,0.015,0.035,0.5,0.004
2017-10-25,41,22,0.017,0.039,0.6,0.004
2017-10-26,51,28,0.012,0.047,0.7,0.005
2017-10-27,58,34,0.018,0.048,0.8,0.005
2017-10-28,45,27,0.02,0.043,0.7,0.004
2017-10-29,65,22,0.025,0.022,0.5,0.004
2017-10-30,35,13,0.022,0.022,0.4,0.004
2017-10-31,33,14,0.012,0.038,0.6,0.005
2017-11-01,38,20,0.02,0.036,0.5,0.005
2017-11-02,46,26,0.023,0.035,0.5,0.005
2017-11-03,38,26,0.028,0.022,0.5,0.005
2017-11-04,53,40,0.022,0.022,0.5,0.004
2017-11-05,39,27,0.013,0.035,0.6,0.004
2017-11-06,33,20,0.01,0.043,0.6,0.005
2017-11-07,42,25,0.006,0.05,0.7,0.005
2017-11-08,65,29,0.03,0.023,0.5,0.005
2017-11-09,50,24,0.01,0.043,0.6,0.005
2017-11-10,44,21,0.014,0.035,0.6,0.005
2017-11-11,70,13,0.018,0.02,0.4,0.004
2017-11-12,31,18,0.01,0.034,0.6,0.004
2017-11-13,41,24,0.006,0.042,0.7,0.005
2017-11-14,45,17,0.018,0.023,0.5,0.005
2017-11-15,25,11,0.02,0.02,0.4,0.004
2017-11-16,25,14,0.014,0.028,0.5,0.005
2017-11-17,42,24,0.004,0.044,0.7,0.005
2017-11-18,39,22,0.023,0.013,0.4,0.004
2017-11-19,24,12,0.02,0.018,0.5,0.004
2017-11-20,38,22,0.009,0.036,0.6,0.005
2017-11-21,50,31,0.005,0.047,0.8,0.005
2017-11-22,62,30,0.011,0.038,0.7,0.005
2017-11-23,23,11,0.014,0.025,0.5,0.005
2017-11-24,20,12,0.011,0.026,0.5,0.004
2017-11-25,25,16,0.005,0.041,0.7,0.004
2017-11-26,37,23,0.011,0.031,0.7,0.004
2017-11-27,48,29,0.005,0.046,0.8,0.005
2017-11-28,71,46,0.004,0.059,1,0.007
2017-11-29,61,25,0.013,0.029,0.5,0.005
2017-11-30,24,9,0.023,0.019,0.4,0.004
2017-12-01,24,13,0.013,0.033,0.5,0.005
2017-12-02,39,24,0.006,0.042,0.7,0.005
2017-12-03,51,35,0.005,0.04,0.7,0.005
2017-12-04,43,26,0.019,0.021,0.5,0.005
2017-12-05,22,11,0.018,0.022,0.4,0.005
2017-12-06,32,22,0.006,0.037,0.6,0.004
2017-12-07,45,32,0.011,0.032,0.7,0.005
2017-12-08,31,21,0.015,0.024,0.5,0.005
2017-12-09,39,24,0.004,0.046,0.7,0.005
2017-12-10,38,25,0.012,0.03,0.6,0.005
2017-12-11,47,10,0.018,0.013,0.3,0.004
2017-12-12,33,17,0.015,0.019,0.4,0.005
2017-12-13,36,20,0.012,0.028,0.5,0.005
2017-12-14,55,36,0.004,0.045,0.8,0.005
2017-12-15,83,58,0.002,0.063,1.2,0.006
2017-12-16,41,27,0.018,0.019,0.5,0.005
2017-12-17,39,14,0.019,0.021,0.5,0.005
2017-12-18,55,35,0.005,0.044,0.8,0.005
2017-12-19,46,20,0.014,0.023,0.5,0.005
2017-12-20,42,26,0.004,0.042,0.7,0.005
2017-12-21,52,39,0.004,0.048,0.8,0.005
2017-12-22,58,43,0.004,0.054,0.9,0.006
2017-12-23,111,80,0.008,0.052,1,0.007
2017-12-24,78,58,0.014,0.036,0.8,0.005
2017-12-25,30,16,0.021,0.02,0.4,0.005
2017-12-26,29,14,0.016,0.024,0.4,0.005
2017-12-27,28,14,0.014,0.025,0.5,0.005
2017-12-28,46,28,0.005,0.043,0.7,0.005
2017-12-29,97,67,0.007,0.052,0.9,0.007
2017-12-30,128,95,0.005,0.052,1,0.006
2017-12-31,63,36,0.02,0.021,0.6,0.005
2018-01-01,42,21,0.011,0.033,0.6,0.006
2018-01-02,40,23,0.011,0.036,0.8,0.005
2018-01-03,35,19,0.016,0.023,0.5,0.005
2018-01-04,46,25,0.01,0.035,0.6,0.005
2018-01-05,58,37,0.008,0.042,0.7,0.006
2018-01-06,48,32,0.012,0.038,0.7,0.006
2018-01-07,55,40,0.004,0.049,0.9,0.005
2018-01-08,57,41,0.008,0.045,0.8,0.006
2018-01-09,40,20,0.021,0.02,0.4,0.005
2018-01-10,33,14,0.021,0.017,0.4,0.005
2018-01-11,33,23,0.019,0.017,0.4,0.005
2018-01-12,25,16,0.015,0.03,0.5,0.005
2018-01-13,54,40,0.003,0.05,0.8,0.005
2018-01-14,69,52,0.01,0.041,0.7,0.006
2018-01-15,70,50,0.012,0.049,0.8,0.006
2018-01-16,114,85,0.004,0.069,1.2,0.007
2018-01-17,112,88,0.007,0.056,0.9,0.006
2018-01-18,87,59,0.014,0.039,0.7,0.006
2018-01-19,59,29,0.016,0.038,0.6,0.006
2018-01-20,102,63,0.013,0.047,0.9,0.007
2018-01-21,61,35,0.012,0.039,0.7,0.005
2018-01-22,48,28,0.009,0.044,0.7,0.005
2018-01-23,24,12,0.026,0.014,0.3,0.004
2018-01-24,30,10,0.025,0.015,0.4,0.005
2018-01-25,24,12,0.024,0.017,0.4,0.005
2018-01-26,33,20,0.022,0.02,0.5,0.005
2018-01-27,44,27,0.009,0.041,0.7,0.005
2018-01-28,32,20,0.022,0.025,0.5,0.005
2018-01-29,45,17,0.022,0.02,0.5,0.006
2018-01-30,42,21,0.009,0.042,0.6,0.006
2018-01-31,40,20,0.01,0.038,0.6,0.005
2018-02-01,39,23,0.011,0.039,0.7,0.005
2018-02-02,55,33,0.008,0.05,0.8,0.006
2018-02-03,37,20,0.023,0.018,0.5,0.005
2018-02-04,32,22,0.026,0.014,0.4,0.005
2018-02-05,27,15,0.023,0.018,0.4,0.005
2018-02-06,32,19,0.024,0.017,0.4,0.005
2018-02-07,40,25,0.012,0.037,0.6,0.005
2018-02-08,52,35,0.006,0.056,0.9,0.006
2018-02-09,69,49,0.006,0.063,1,0.007
2018-02-10,75,42,0.02,0.032,0.6,0.006
2018-02-11,53,15,0.026,0.017,0.4,0.005
2018-02-12,49,15,0.023,0.022,0.4,0.005
2018-02-13,50,16,0.017,0.033,0.6,0.006
2018-02-14,68,31,0.025,0.031,0.6,0.006
2018-02-15,38,15,0.027,0.019,0.5,0.005
2018-02-16,45,22,0.021,0.028,0.6,0.005
2018-02-17,50,12,0.027,0.014,0.4,0.005
2018-02-18,37,17,0.019,0.028,0.5,0.006
2018-02-19,61,39,0.011,0.047,0.8,0.006
2018-02-20,63,40,0.02,0.034,0.7,0.005
2018-02-21,37,19,0.025,0.024,0.5,0.005
2018-02-22,45,27,0.021,0.035,0.6,0.006
2018-02-23,89,64,0.021,0.035,0.8,0.005
2018-02-24,76,53,0.023,0.029,0.7,0.004
2018-02-25,44,30,0.018,0.035,0.6,0.005
2018-02-26,62,41,0.01,0.057,0.8,0.007
2018-02-27,96,62,0.004,0.077,1.1,0.009
2018-02-28,68,44,0.014,0.043,0.7,0.005
2018-03-01,42,31,0.035,0.018,0.5,0.004
2018-03-02,68,27,0.019,0.04,0.6,0.005
2018-03-03,57,27,0.015,0.048,0.6,0.006
2018-03-04,29,21,0.014,0.036,0.6,0.005
2018-03-05,9,5,0.032,0.018,0.4,0.004
2018-03-06,31,18,0.019,0.033,0.5,0.004
2018-03-07,28,16,0.025,0.026,0.4,0.004
2018-03-08,32,26,0.025,0.022,0.5,0.003
2018-03-09,51,37,0.016,0.039,0.7,0.004
2018-03-10,47,33,0.021,0.036,0.6,0.006
2018-03-11,60,40,0.03,0.029,0.5,0.005
2018-03-12,99,64,0.019,0.055,0.8,0.006
2018-03-13,63,38,0.022,0.045,0.7,0.005
2018-03-14,24,12,0.026,0.026,0.4,0.005
2018-03-15,22,15,0.014,0.029,0.4,0.004
2018-03-16,14,6,0.032,0.018,0.3,0.003
2018-03-17,32,20,0.021,0.032,0.5,0.004
2018-03-18,62,46,0.016,0.045,0.6,0.005
2018-03-19,30,22,0.028,0.023,0.4,0.003
2018-03-20,19,8,0.038,0.013,0.3,0.003
2018-03-21,14,7,0.03,0.02,0.3,0.003
2018-03-22,43,27,0.026,0.031,0.5,0.004
2018-03-23,67,50,0.028,0.042,0.6,0.006
2018-03-24,113,86,0.032,0.045,0.8,0.007
2018-03-25,121,99,0.038,0.035,0.8,0.005
2018-03-26,106,71,0.025,0.05,0.8,0.006
2018-03-27,95,61,0.031,0.048,0.8,0.007
2018-03-28,55,37,0.033,0.031,0.6,0.006
2018-03-29,63,43,0.025,0.035,0.5,0.005
2018-03-30,65,37,0.028,0.035,0.5,0.004
2018-03-31,58,30,0.032,0.033,0.5,0.005
2018-04-01,72,35,0.028,0.028,0.5,0.005
2018-04-02,71,28,0.028,0.027,0.4,0.005
2018-04-03,69,21,0.021,0.026,0.4,0.005
2018-04-04,13,7,0.027,0.018,0.4,0.003
2018-04-05,7,4,0.021,0.022,0.4,0.003
2018-04-06,121,27,0.028,0.019,0.4,0.003
2018-04-07,50,22,0.037,0.013,0.4,0.003
2018-04-08,27,15,0.031,0.021,0.4,0.004
2018-04-09,40,26,0.014,0.042,0.6,0.004
2018-04-10,45,20,0.029,0.03,0.5,0.004
2018-04-11,63,24,0.033,0.025,0.4,0.005
2018-04-12,46,15,0.028,0.03,0.4,0.005
2018-04-13,35,14,0.026,0.034,0.5,0.004
2018-04-14,21,12,0.034,0.019,0.4,0.003
2018-04-15,74,21,0.032,0.018,0.5,0.004
2018-04-16,38,23,0.028,0.03,0.5,0.004
2018-04-17,60,30,0.028,0.042,0.6,0.005
2018-04-18,71,34,0.031,0.043,0.5,0.005
2018-04-19,81,40,0.038,0.046,0.6,0.006
2018-04-20,104,55,0.036,0.06,0.7,0.007
2018-04-21,72,40,0.027,0.051,0.6,0.006
2018-04-22,38,21,0.027,0.028,0.4,0.004
2018-04-23,9,6,0.04,0.016,0.3,0.003
2018-04-24,9,5,0.035,0.018,0.3,0.003
2018-04-25,35,24,0.025,0.037,0.5,0.004
2018-04-26,44,30,0.031,0.038,0.6,0.004
2018-04-27,57,40,0.035,0.04,0.5,0.006
2018-04-28,59,38,0.034,0.036,0.5,0.005
2018-04-29,55,32,0.049,0.031,0.6,0.005
2018-04-30,79,56,0.044,0.032,0.6,0.006
2018-05-01,60,46,0.035,0.024,0.5,0.004
2018-05-02,44,35,0.022,0.026,0.5,0.003
2018-05-03,30,14,0.035,0.019,0.4,0.003
2018-05-04,44,17,0.044,0.022,0.4,0.004
2018-05-05,40,19,0.056,0.02,0.4,0.005
2018-05-06,14,9,0.04,0.015,0.4,0.003
2018-05-07,37,19,0.027,0.029,0.5,0.004
2018-05-08,18,7,0.042,0.013,0.3,0.003
2018-05-09,22,8,0.038,0.019,0.4,0.003
2018-05-10,42,24,0.036,0.028,0.5,0.004
2018-05-11,59,39,0.041,0.032,0.5,0.004
2018-05-12,30,20,0.019,0.039,0.5,0.004
2018-05-13,23,17,0.028,0.02,0.4,0.003
2018-05-14,73,55,0.033,0.033,0.7,0.004
2018-05-15,73,52,0.033,0.042,0.7,0.005
2018-05-16,33,23,0.009,0.026,0.4,0.003
2018-05-17,14,9,0.01,0.027,0.4,0.003
2018-05-18,12,5,0.014,0.019,0.4,0.003
2018-05-19,11,4,0.033,0.014,0.3,0.003
2018-05-20,11,5,0.035,0.015,0.3,0.003
2018-05-21,19,10,0.035,0.022,0.3,0.003
2018-05-22,36,23,0.026,0.028,0.5,0.004
2018-05-23,48,11,0.039,0.017,0.4,0.003
2018-05-24,97,25,0.042,0.028,0.5,0.005
2018-05-25,93,34,0.045,0.035,0.5,0.005
2018-05-26,81,38,0.054,0.039,0.6,0.004
2018-05-27,65,28,0.046,0.027,0.5,0.005
2018-05-28,50,26,0.042,0.032,0.5,0.005
2018-05-29,41,26,0.035,0.024,0.4,0.005
2018-05-30,43,26,0.03,0.023,0.4,0.004
2018-05-31,42,24,0.035,0.025,0.4,0.004
2018-06-01,42,23,0.036,0.036,0.5,0.004
2018-06-02,40,23,0.037,0.034,0.5,0.006
2018-06-03,32,21,0.04,0.028,0.4,0.004
2018-06-04,41,26,0.029,0.033,0.5,0.005
2018-06-05,44,31,0.041,0.024,0.4,0.005
2018-06-06,48,35,0.034,0.024,0.4,0.005
2018-06-07,47,33,0.027,0.03,0.4,0.004
2018-06-08,35,23,0.033,0.018,0.4,0.003
2018-06-09,39,25,0.037,0.02,0.4,0.003
2018-06-10,9,5,0.034,0.01,0.3,0.003
2018-06-11,10,5,0.023,0.016,0.3,0.003
2018-06-12,15,8,0.024,0.017,0.3,0.003
2018-06-13,29,19,0.032,0.023,0.4,0.004
2018-06-14,30,21,0.028,0.021,0.4,0.004
2018-06-15,15,7,0.03,0.013,0.3,0.003
2018-06-16,22,12,0.037,0.017,0.3,0.003
2018-06-17,52,35,0.039,0.024,0.5,0.004
2018-06-18,45,30,0.038,0.03,0.5,0.004
2018-06-19,40,28,0.029,0.031,0.5,0.006
2018-06-20,43,30,0.037,0.017,0.4,0.004
2018-06-21,39,25,0.041,0.019,0.4,0.004
2018-06-22,42,27,0.04,0.031,0.5,0.004
2018-06-23,39,24,0.043,0.026,0.5,0.006
2018-06-24,58,38,0.056,0.016,0.5,0.005
2018-06-25,59,37,0.052,0.034,0.5,0.005
2018-06-26,49,35,0.034,0.025,0.5,0.005
2018-06-27,27,20,0.037,0.021,0.5,0.004
2018-06-28,22,15,0.022,0.026,0.5,0.004
2018-06-29,38,27,0.038,0.026,0.5,0.004
2018-06-30,50,35,0.023,0.03,0.6,0.004
2018-07-01,11,6,0.017,0.018,0.4,0.003
2018-07-02,10,6,0.021,0.024,0.4,0.003
2018-07-03,13,8,0.014,0.017,0.4,0.003
2018-07-04,22,13,0.021,0.02,0.4,0.004
2018-07-05,20,14,0.019,0.017,0.4,0.004
2018-07-06,7,3,0.02,0.01,0.3,0.003
2018-07-07,9,4,0.027,0.011,0.3,0.003
2018-07-08,12,6,0.031,0.011,0.3,0.003
2018-07-09,10,5,0.01,0.015,0.3,0.003
2018-07-10,23,12,0.006,0.024,0.5,0.003
2018-07-11,31,18,0.008,0.019,0.4,0.004
2018-07-12,27,15,0.008,0.016,0.4,0.004
2018-07-13,21,13,0.013,0.017,0.3,0.005
2018-07-14,20,13,0.016,0.016,0.3,0.005
2018-07-15,22,16,0.024,0.014,0.3,0.005
2018-07-16,26,17,0.021,0.02,0.3,0.006
2018-07-17,30,22,0.016,0.019,0.3,0.006
2018-07-18,35,26,0.02,0.021,0.4,0.005
2018-07-19,30,21,0.023,0.019,0.3,0.004
2018-07-20,36,24,0.033,0.026,0.4,0.005
2018-07-21,37,26,0.041,0.027,0.4,0.006
2018-07-22,29,20,0.04,0.019,0.4,0.004
2018-07-23,31,20,0.034,0.02,0.4,0.006
2018-07-24,42,28,0.052,0.025,0.4,0.005
2018-07-25,32,21,0.027,0.017,0.4,0.005
2018-07-26,41,27,0.028,0.022,0.4,0.005
2018-07-27,48,33,0.033,0.022,0.4,0.004
2018-07-28,39,27,0.021,0.028,0.4,0.004
2018-07-29,18,12,0.025,0.012,0.3,0.003
2018-07-30,10,6,0.026,0.013,0.3,0.003
2018-07-31,18,10,0.04,0.016,0.3,0.003
2018-08-01,34,20,0.047,0.022,0.4,0.003
2018-08-02,40,27,0.058,0.023,0.5,0.004
2018-08-03,44,32,0.055,0.022,0.5,0.005
2018-08-04,27,18,0.034,0.014,0.3,0.004
2018-08-05,27,17,0.028,0.009,0.3,0.003
2018-08-06,31,20,0.026,0.019,0.4,0.003
2018-08-07,20,12,0.031,0.018,0.4,0.004
2018-08-08,26,17,0.024,0.015,0.3,0.004
2018-08-09,24,17,0.02,0.02,0.4,0.004
2018-08-10,16,9,0.027,0.016,0.4,0.003
2018-08-11,10,6,0.033,0.014,0.3,0.003
2018-08-12,15,10,0.036,0.013,0.3,0.003
2018-08-13,31,22,0.027,0.018,0.4,0.004
2018-08-14,27,17,0.027,0.021,0.4,0.004
2018-08-15,28,19,0.036,0.018,0.4,0.004
2018-08-16,16,8,0.025,0.012,0.3,0.003
2018-08-17,13,5,0.03,0.012,0.3,0.003
2018-08-18,16,7,0.035,0.014,0.3,0.003
2018-08-19,23,13,0.045,0.017,0.3,0.004
2018-08-20,36,21,0.041,0.021,0.4,0.004
2018-08-21,22,12,0.029,0.019,0.4,0.004
2018-08-22,24,14,0.03,0.02,0.4,0.004
2018-08-23,13,6,0.014,0.012,0.3,0.003
2018-08-24,9,4,0.02,0.013,0.3,0.003
2018-08-25,23,12,0.038,0.015,0.4,0.004
2018-08-26,17,10,0.031,0.016,0.4,0.003
2018-08-27,10,5,0.018,0.021,0.4,0.003
2018-08-28,10,5,0.007,0.02,0.4,0.003
2018-08-29,13,7,0.008,0.016,0.3,0.003
2018-08-30,27,17,0.025,0.021,0.4,0.004
2018-08-31,24,14,0.031,0.022,0.4,0.004
2018-09-01,19,9,0.025,0.017,0.4,0.003
2018-09-02,13,6,0.034,0.012,0.3,0.003
2018-09-03,15,8,0.017,0.022,0.4,0.003
2018-09-04,17,8,0.028,0.015,0.3,0.003
2018-09-05,27,10,0.041,0.017,0.4,0.004
2018-09-06,34,18,0.041,0.024,0.5,0.004
2018-09-07,25,12,0.041,0.015,0.4,0.004
2018-09-08,24,10,0.028,0.019,0.4,0.004
2018-09-09,21,10,0.031,0.016,0.4,0.003
2018-09-10,12,5,0.03,0.013,0.3,0.003
2018-09-11,13,5,0.027,0.015,0.3,0.003
2018-09-12,16,7,0.03,0.02,0.3,0.003
2018-09-13,19,9,0.019,0.025,0.4,0.003
2018-09-14,18,9,0.017,0.022,0.4,0.003
2018-09-15,13,7,0.017,0.023,0.4,0.003
2018-09-16,37,25,0.028,0.018,0.5,0.004
2018-09-17,28,15,0.032,0.019,0.4,0.003
2018-09-18,36,17,0.023,0.031,0.5,0.004
2018-09-19,39,19,0.021,0.035,0.5,0.004
2018-09-20,15,9,0.027,0.019,0.4,0.003
2018-09-21,8,4,0.021,0.02,0.4,0.003
2018-09-22,31,11,0.026,0.023,0.4,0.004
2018-09-23,29,10,0.03,0.018,0.4,0.004
2018-09-24,14,6,0.028,0.011,0.3,0.003
2018-09-25,14,7,0.024,0.012,0.3,0.003
2018-09-26,8,4,0.029,0.01,0.3,0.003
2018-09-27,9,4,0.026,0.015,0.3,0.003
2018-09-28,14,6,0.017,0.022,0.3,0.003
2018-09-29,16,8,0.019,0.023,0.4,0.003
2018-09-30,20,10,0.024,0.017,0.4,0.003
2018-10-01,17,8,0.028,0.012,0.3,0.003
2018-10-02,25,13,0.022,0.023,0.4,0.004
2018-10-03,27,15,0.019,0.029,0.5,0.004
2018-10-04,20,11,0.022,0.024,0.4,0.003
2018-10-05,10,5,0.023,0.019,0.3,0.003
2018-10-06,6,3,0.027,0.014,0.3,0.003
2018-10-07,26,10,0.023,0.017,0.4,0.004
2018-10-08,22,8,0.016,0.028,0.4,0.004
2018-10-09,25,11,0.012,0.03,0.5,0.004
2018-10-10,18,10,0.023,0.014,0.4,0.003
2018-10-11,17,7,0.018,0.017,0.4,0.003
2018-10-12,24,12,0.013,0.029,0.5,0.004
2018-10-13,34,21,0.012,0.038,0.5,0.004
2018-10-14,34,22,0.024,0.03,0.5,0.004
2018-10-15,60,37,0.027,0.036,0.7,0.004
2018-10-16,48,26,0.017,0.036,0.6,0.004
2018-10-17,34,16,0.015,0.035,0.5,0.004
2018-10-18,15,7,0.014,0.024,0.4,0.004
2018-10-19,19,9,0.017,0.027,0.4,0.004
2018-10-20,39,20,0.013,0.041,0.6,0.004
2018-10-21,37,22,0.02,0.039,0.6,0.004
2018-10-22,52,33,0.015,0.052,0.7,0.005
2018-10-23,51,30,0.015,0.045,0.7,0.005
2018-10-24,40,18,0.015,0.035,0.6,0.004
2018-10-25,39,19,0.01,0.045,0.7,0.004
2018-10-26,35,19,0.014,0.038,0.5,0.004
2018-10-27,26,6,0.024,0.014,0.3,0.004
2018-10-28,14,8,0.016,0.025,0.4,0.004
2018-10-29,17,7,0.016,0.021,0.4,0.004
2018-10-30,21,10,0.015,0.02,0.4,0.004
2018-10-31,22,12,0.016,0.024,0.5,0.004
2018-11-01,34,19,0.01,0.039,0.7,0.004
2018-11-02,43,26,0.008,0.051,0.8,0.005
2018-11-03,53,35,0.01,0.055,0.8,0.005
2018-11-04,44,30,0.018,0.042,0.7,0.004
2018-11-05,59,39,0.01,0.05,0.8,0.005
2018-11-06,102,71,0.005,0.063,1,0.005
2018-11-07,62,45,0.009,0.039,0.7,0.004
2018-11-08,9,5,0.014,0.026,0.4,0.004
2018-11-09,41,24,0.029,0.022,0.5,0.005
2018-11-10,72,46,0.02,0.035,0.7,0.005
2018-11-11,66,41,0.01,0.035,0.7,0.005
2018-11-12,32,17,0.013,0.035,0.6,0.005
2018-11-13,41,24,0.01,0.041,0.7,0.005
2018-11-14,35,22,0.01,0.041,0.6,0.005
2018-11-15,49,33,0.007,0.052,0.7,0.005
2018-11-16,55,39,0.013,0.041,0.8,0.005
2018-11-17,31,17,0.011,0.031,0.6,0.004
2018-11-18,36,22,0.011,0.034,0.7,0.005
2018-11-19,56,31,0.01,0.041,0.8,0.005
2018-11-20,45,18,0.012,0.04,0.6,0.005
2018-11-21,34,17,0.011,0.036,0.5,0.004
2018-11-22,21,9,0.021,0.021,0.4,0.004
2018-11-23,23,11,0.012,0.033,0.5,0.004
2018-11-24,22,15,0.01,0.033,0.5,0.004
2018-11-25,46,34,0.007,0.04,0.8,0.004
2018-11-26,62,42,0.006,0.045,0.9,0.005
2018-11-27,124,52,0.007,0.044,0.9,0.005
2018-11-28,118,21,0.014,0.03,0.5,0.005
2018-11-29,75,21,0.004,0.042,0.6,0.005
2018-11-30,61,22,0.007,0.041,0.6,0.005
2018-12-01,46,23,0.005,0.049,0.7,0.005
2018-12-02,48,24,0.007,0.041,0.7,0.005
2018-12-03,42,22,0.007,0.04,0.7,0.004
2018-12-04,34,16,0.014,0.022,0.5,0.004
2018-12-05,28,11,0.012,0.025,0.4,0.004
2018-12-06,38,17,0.013,0.026,0.5,0.004
2018-12-07,21,8,0.024,0.013,0.3,0.004
2018-12-08,23,8,0.022,0.014,0.4,0.004
2018-12-09,22,10,0.018,0.021,0.5,0.005
2018-12-10,35,18,0.007,0.043,0.7,0.005
2018-12-11,42,23,0.005,0.044,0.7,0.005
2018-12-12,44,22,0.017,0.027,0.5,0.005
2018-12-13,39,23,0.015,0.031,0.6,0.005
2018-12-14,33,18,0.011,0.032,0.5,0.005
2018-12-15,56,38,0.004,0.049,0.9,0.005
2018-12-16,54,40,0.003,0.049,0.9,0.005
2018-12-17,74,48,0.011,0.037,0.8,0.006
2018-12-18,46,26,0.008,0.046,0.8,0.005
2018-12-19,52,31,0.008,0.048,0.8,0.006
2018-12-20,59,37,0.005,0.054,0.9,0.006
2018-12-21,78,50,0.003,0.06,1,0.007
2018-12-22,88,63,0.009,0.054,1,0.007
2018-12-23,52,28,0.022,0.021,0.6,0.005
2018-12-24,23,12,0.014,0.029,0.5,0.005
2018-12-25,34,22,0.004,0.045,0.7,0.005
2018-12-26,50,25,0.016,0.025,0.6,0.005
2018-12-27,27,8,0.022,0.014,0.4,0.004
2018-12-28,35,13,0.015,0.021,0.5,0.004
2018-12-29,37,9,0.021,0.017,0.4,0.004
2018-12-30,32,17,0.012,0.029,0.6,0.005
2018-12-31,46,29,0.007,0.043,0.8,0.005
2019-01-01,38,25,0.016,0.03,0.7,0.004
2019-01-02,46,30,0.004,0.052,0.9,0.005
2019-01-03,39,24,0.007,0.045,0.8,0.005
2019-01-04,60,42,0.004,0.059,1.1,0.006
2019-01-05,63,40,0.017,0.029,0.6,0.005
2019-01-06,49,23,0.01,0.037,0.6,0.005
2019-01-07,57,37,0.008,0.049,0.9,0.006
2019-01-08,41,18,0.02,0.024,0.5,0.005
2019-01-09,51,22,0.008,0.036,0.7,0.005
2019-01-10,58,34,0.004,0.047,0.7,0.005
2019-01-11,80,57,0.005,0.053,1,0.006
2019-01-12,96,69,0.009,0.053,1,0.006
2019-01-13,115,83,0.013,0.049,1.1,0.006
2019-01-14,166,129,0.005,0.064,1.4,0.006
2019-01-15,134,81,0.019,0.028,0.9,0.005
2019-01-16,46,17,0.015,0.026,0.5,0.004
2019-01-17,43,22,0.012,0.036,0.7,0.005
2019-01-18,61,39,0.008,0.051,0.9,0.006
2019-01-19,96,67,0.008,0.054,1,0.006
2019-01-20,66,33,0.024,0.018,0.6,0.005
2019-01-21,45,21,0.009,0.039,0.7,0.005
2019-01-22,67,33,0.009,0.046,1,0.005
2019-01-23,74,44,0.015,0.039,0.9,0.005
2019-01-24,41,21,0.01,0.041,0.6,0.005
2019-01-25,51,21,0.018,0.03,0.6,0.005
2019-01-26,43,20,0.022,0.02,0.5,0.005
2019-01-27,36,20,0.015,0.033,0.6,0.005
2019-01-28,85,24,0.023,0.021,0.5,0.005
2019-01-29,67,23,0.008,0.043,0.7,0.005
2019-01-30,63,33,0.008,0.051,0.8,0.006
2019-01-31,72,21,0.017,0.023,0.5,0.005
2019-02-01,39,18,0.013,0.033,0.6,0.004
2019-02-02,59,36,0.008,0.043,0.7,0.004
2019-02-03,39,30,0.017,0.029,0.7,0.004
2019-02-04,72,36,0.025,0.02,0.5,0.004
2019-02-05,85,28,0.013,0.041,0.7,0.005
2019-02-06,96,35,0.015,0.043,0.8,0.005
2019-02-07,61,32,0.027,0.016,0.5,0.004
2019-02-08,32,17,0.017,0.026,0.5,0.004
2019-02-09,36,17,0.024,0.018,0.5,0.004
2019-02-10,42,23,0.018,0.025,0.5,0.005
2019-02-11,39,23,0.021,0.026,0.6,0.005
2019-02-12,59,38,0.022,0.032,0.7,0.006
2019-02-13,39,20,0.022,0.027,0.5,0.005
2019-02-14,53,27,0.012,0.043,0.7,0.005
2019-02-15,39,28,0.015,0.039,0.6,0.004
2019-02-16,59,48,0.029,0.02,0.7,0.005
2019-02-17,36,25,0.023,0.028,0.6,0.005
2019-02-18,42,27,0.007,0.05,0.7,0.005
2019-02-19,43,34,0.009,0.042,0.7,0.004
2019-02-20,62,51,0.023,0.032,0.7,0.004
2019-02-21,77,62,0.014,0.047,1,0.005
2019-02-22,73,55,0.012,0.053,1,0.006
2019-02-23,56,39,0.015,0.049,0.9,0.005
2019-02-24,65,51,0.022,0.046,0.8,0.006
2019-02-25,82,59,0.022,0.038,0.7,0
2019-02-26,53,28,0.016,0.043,0.7,0.005
2019-02-27,71,45,0.015,0.053,0.7,0.007
2019-02-28,90,60,0.021,0.052,0.8,0.006
2019-03-01,120,84,0.028,0.049,1,0.006
2019-03-02,121,85,0.023,0.056,1,0.006
2019-03-03,110,77,0.03,0.046,0.9,0.005
2019-03-04,169,117,0.03,0.05,1,0.006
2019-03-05,186,135,0.035,0.036,0.9,0.006
2019-03-06,141,101,0.028,0.044,0.9,0.006
2019-03-07,57,39,0.03,0.029,0.7,0.004
2019-03-08,47,26,0.02,0.04,0.6,0.005
2019-03-09,45,29,0.012,0.053,0.7,0.006
2019-03-10,52,34,0.024,0.035,0.6,0.005
2019-03-11,71,46,0.02,0.04,0.7,0.005
2019-03-12,83,49,0.03,0.026,0.6,0.004
2019-03-13,42,11,0.03,0.02,0.4,0.004
2019-03-14,42,20,0.026,0.03,0.5,0.004
2019-03-15,56,32,0.025,0.031,0.5,0.004
2019-03-16,41,28,0.024,0.026,0.5,0.004
2019-03-17,37,23,0.027,0.025,0.5,0.004
2019-03-18,39,23,0.014,0.046,0.6,0.006
2019-03-19,67,42,0.016,0.053,0.8,0.006
2019-03-20,94,68,0.017,0.05,0.8,0.005
2019-03-21,34,26,0.033,0.022,0.5,0.003
2019-03-22,36,19,0.034,0.015,0.4,0.003
2019-03-23,24,15,0.029,0.023,0.4,0.004
2019-03-24,27,13,0.033,0.02,0.4,0.004
2019-03-25,47,28,0.034,0.03,0.5,0.004
2019-03-26,58,34,0.031,0.033,0.5,0.004
2019-03-27,94,60,0.048,0.027,0.6,0.005
2019-03-28,81,49,0.034,0.027,0.5,0.004
2019-03-29,39,19,0.037,0.023,0.4,0.004
2019-03-30,35,24,0.037,0.018,0.4,0.003
2019-03-31,42,26,0.037,0.013,0.4,0.003
2019-04-01,24,12,0.033,0.02,0.4,0.004
2019-04-02,32,17,0.03,0.027,0.5,0.004
2019-04-03,38,22,0.031,0.031,0.5,0.004
2019-04-04,35,20,0.034,0.027,0.4,0.004
2019-04-05,78,24,0.038,0.023,0.4,0.004
2019-04-06,59,19,0.015,0.043,0.6,0.004
2019-04-07,37,16,0.03,0.022,0.4,0.004
2019-04-08,37,12,0.031,0.024,0.4,0.004
2019-04-09,25,10,0.026,0.026,0.4,0.003
2019-04-10,7,5,0.03,0.021,0.4,0.003
2019-04-11,28,17,0.022,0.033,0.5,0.004
2019-04-12,51,31,0.03,0.036,0.5,0.004
2019-04-13,46,30,0.037,0.035,0.5,0.004
2019-04-14,39,21,0.041,0.022,0.4,0.004
2019-04-15,52,17,0.028,0.035,0.5,0.004
2019-04-16,47,22,0.028,0.042,0.6,0.005
2019-04-17,40,20,0.029,0.038,0.5,0.005
2019-04-18,41,24,0.025,0.029,0.4,0.004
2019-04-19,44,22,0.026,0.024,0.4,0.003
2019-04-20,47,25,0.032,0.023,0.4,0.004
2019-04-21,33,25,0.034,0.02,0.4,0.003
2019-04-22,97,41,0.029,0.039,0.6,0.004
2019-04-23,91,44,0.032,0.044,0.7,0.005
2019-04-24,57,40,0.026,0.03,0.5,0.004
2019-04-25,38,18,0.022,0.024,0.4,0.003
2019-04-26,9,6,0.027,0.019,0.3,0.003
2019-04-27,17,10,0.026,0.023,0.4,0.003
2019-04-28,18,13,0.037,0.02,0.4,0.004
2019-04-29,25,16,0.022,0.034,0.5,0.004
2019-04-30,34,21,0.027,0.035,0.5,0.004
2019-05-01,62,27,0.036,0.025,0.5,0.004
2019-05-02,53,15,0.033,0.024,0.4,0.004
2019-05-03,63,32,0.037,0.04,0.6,0.006
2019-05-04,91,58,0.045,0.043,0.7,0.006
2019-05-05,67,41,0.047,0.03,0.6,0.005
2019-05-06,34,10,0.04,0.011,0.3,0.003
2019-05-07,47,18,0.038,0.026,0.4,0.004
2019-05-08,54,24,0.049,0.025,0.5,0.005
2019-05-09,47,24,0.041,0.026,0.4,0.005
2019-05-10,61,35,0.039,0.038,0.5,0.005
2019-05-11,66,37,0.033,0.045,0.6,0.005
2019-05-12,56,37,0.049,0.035,0.6,0.005
2019-05-13,55,36,0.036,0.04,0.6,0.005
2019-05-14,44,33,0.04,0.028,0.4,0.005
2019-05-15,68,45,0.039,0.036,0.5,0.005
2019-05-16,67,44,0.041,0.035,0.5,0.004
2019-05-17,55,39,0.035,0.04,0.5,0.004
2019-05-18,29,17,0.039,0.016,0.3,0.004
2019-05-19,15,11,0.023,0.014,0.3,0.003
2019-05-20,38,13,0.032,0.014,0.3,0.004
2019-05-21,53,20,0.045,0.02,0.4,0.005
2019-05-22,56,28,0.057,0.023,0.5,0.005
2019-05-23,72,42,0.061,0.033,0.6,0.006
2019-05-24,86,54,0.067,0.04,0.7,0.006
2019-05-25,79,53,0.057,0.027,0.6,0.006
2019-05-26,39,24,0.047,0.023,0.5,0.005
2019-05-27,23,14,0.033,0.016,0.4,0.003
2019-05-28,22,8,0.037,0.017,0.3,0.004
2019-05-29,48,23,0.045,0.028,0.5,0.005
2019-05-30,45,25,0.048,0.028,0.5,0.005
2019-05-31,20,11,0.05,0.016,0.3,0.004
2019-06-01,34,25,0.046,0.019,0.4,0.004
2019-06-02,36,23,0.049,0.022,0.5,0.004
2019-06-03,38,22,0.044,0.03,0.5,0.004
2019-06-04,29,20,0.031,0.023,0.4,0.004
2019-06-05,54,38,0.035,0.029,0.5,0.004
2019-06-06,59,42,0.026,0.032,0.6,0.004
2019-06-07,13,9,0.049,0.013,0.3,0.003
2019-06-08,25,16,0.043,0.022,0.4,0.004
2019-06-09,37,29,0.047,0.017,0.4,0.004
2019-06-10,10,6,0.028,0.013,0.3,0.003
2019-06-11,13,7,0.036,0.016,0.3,0.003
2019-06-12,30,18,0.029,0.027,0.4,0.004
2019-06-13,30,20,0.037,0.027,0.4,0.004
2019-06-14,34,23,0.04,0.022,0.4,0.003
2019-06-15,34,20,0.042,0.014,0.4,0.003
2019-06-16,16,11,0.041,0.014,0.3,0.003
2019-06-17,24,15,0.036,0.019,0.4,0.004
2019-06-18,31,23,0.028,0.024,0.4,0.004
2019-06-19,32,25,0.045,0.016,0.4,0.003
2019-06-20,27,20,0.044,0.017,0.4,0.003
2019-06-21,27,19,0.035,0.018,0.4,0.003
2019-06-22,12,7,0.039,0.013,0.3,0.003
2019-06-23,12,8,0.042,0.011,0.3,0.003
2019-06-24,21,13,0.04,0.022,0.3,0.004
2019-06-25,31,21,0.049,0.026,0.4,0.004
2019-06-26,33,22,0.041,0.028,0.4,0.004
2019-06-27,22,16,0.037,0.019,0.4,0.003
2019-06-28,39,31,0.03,0.028,0.5,0.004
2019-06-29,25,20,0.029,0.02,0.4,0.003
2019-06-30,33,26,0.037,0.013,0.4,0.003
2019-07-01,34,26,0.049,0.017,0.5,0.004
2019-07-02,30,22,0.047,0.017,0.4,0.004
2019-07-03,33,24,0.035,0.021,0.4,0.004
2019-07-04,30,21,0.031,0.026,0.4,0.004
2019-07-05,33,21,0.042,0.03,0.5,0.004
2019-07-06,29,21,0.044,0.021,0.4,0.004
2019-07-07,17,11,0.044,0.008,0.3,0.003
2019-07-08,10,5,0.036,0.01,0.3,0.003
2019-07-09,10,6,0.034,0.011,0.3,0.003
2019-07-10,9,6,0.029,0.011,0.3,0.003
2019-07-11,7,3,0.02,0.012,0.3,0.003
2019-07-12,14,9,0.024,0.017,0.3,0.003
2019-07-13,31,25,0.037,0.017,0.4,0.004
2019-07-14,43,37,0.044,0.016,0.5,0.004
2019-07-15,40,32,0.028,0.024,0.5,0.003
2019-07-16,33,25,0.031,0.023,0.5,0.003
2019-07-17,61,48,0.034,0.026,0.6,0.004
2019-07-18,66,53,0.05,0.027,0.6,0.004
2019-07-19,34,26,0.035,0.021,0.5,0.004
2019-07-20,8,4,0.014,0.01,0.3,0.003
2019-07-21,14,9,0.019,0.009,0.3,0.003
2019-07-22,43,33,0.039,0.018,0.4,0.004
2019-07-23,26,17,0.018,0.019,0.4,0.004
2019-07-24,23,15,0.013,0.019,0.3,0.003
2019-07-25,26,18,0.016,0.024,0.4,0.003
2019-07-26,19,14,0.025,0.022,0.4,0.003
2019-07-27,18,13,0.031,0.018,0.4,0.003
2019-07-28,14,9,0.024,0.012,0.3,0.003
2019-07-29,14,8,0.012,0.012,0.3,0.003
2019-07-30,17,10,0.015,0.011,0.3,0.003
2019-07-31,17,10,0.017,0.018,0.3,0.003
2019-08-01,13,8,0.015,0.016,0.3,0.003
2019-08-02,18,11,0.018,0.017,0.3,0.003
2019-08-03,20,13,0.029,0.02,0.4,0.003
2019-08-04,29,21,0.04,0.021,0.4,0.003
2019-08-05,39,29,0.03,0.023,0.5,0.003
2019-08-06,28,20,0.026,0.017,0.4,0.004
2019-08-07,21,13,0.014,0.02,0.4,0.004
2019-08-08,40,29,0.024,0.02,0.4,0.004
2019-08-09,27,18,0.018,0.022,0.4,0.004
2019-08-10,22,14,0.028,0.016,0.3,0.004
2019-08-11,17,11,0.023,0.008,0.3,0.003
2019-08-12,17,13,0.013,0.015,0.3,0.003
2019-08-13,23,14,0.025,0.02,0.4,0.004
2019-08-14,20,13,0.018,0.018,0.4,0.003
2019-08-15,9,5,0.013,0.01,0.3,0.003
2019-08-16,17,9,0.023,0.015,0.4,0.004
2019-08-17,32,20,0.054,0.013,0.4,0.004
2019-08-18,22,13,0.046,0.013,0.4,0.004
2019-08-19,25,15,0.035,0.022,0.5,0.004
2019-08-20,28,19,0.039,0.02,0.4,0.004
2019-08-21,34,23,0.032,0.023,0.5,0.004
2019-08-22,41,29,0.033,0.021,0.5,0.004
2019-08-23,33,19,0.039,0.017,0.5,0.004
2019-08-24,22,11,0.026,0.02,0.4,0.004
2019-08-25,20,12,0.032,0.016,0.4,0.004
2019-08-26,26,16,0.036,0.021,0.5,0.004
2019-08-27,26,18,0.037,0.023,0.5,0.004
2019-08-28,29,19,0.039,0.02,0.5,0.004
2019-08-29,28,20,0.035,0.021,0.5,0.004
2019-08-30,19,9,0.029,0.018,0.4,0.004
2019-08-31,18,10,0.031,0.018,0.4,0.004
